"","Name_corr","mean_Total_Length"
"1","Base_TD-Base_TD",7158.88528
"2","Base_TD-BaseSteamboat",13654.19174
"3","Base_TD-BC_joint",15000.1024033333
"4","Base_TD-Chipps",44184.1307441667
"5","Base_TD-Georgiana",34081.95469
"6","Base_TD-I_80_1",39727.138
"7","Base_TD-KLB",116546.514575
"8","Base_TD-Lisbon",28880.43745
"9","Base_TD-Miner",8109.7439315
"10","Base_TD-MS01",114745.743725
"11","Base_TD-MS02",111626.8897
"12","Base_TD-MS03",110173.18575
"13","Base_TD-MS04",109367.213175
"14","Base_TD-MS05",108314.28585
"15","Base_TD-MS06",104718.0288
"16","Base_TD-MS07",101549.4861
"17","Base_TD-MS08",94122.7907366667
"18","Base_TD-MS09",90358.75215
"19","Base_TD-MS10",84650.824385
"20","Base_TD-MS11",43887.6052
"21","Base_TD-MS12",64082.1549483333
"22","Base_TD-MS13",42170.329353
"23","Base_TD-MS14",31941.064978
"24","Base_TD-MS15",46210.12844
"25","Base_TD-MS16",19168.3553
"26","Base_TD-RM61",69710.42309
"27","Base_TD-RM71",86695.49517
"28","Base_TD-RM80_5",102290.13355
"29","Base_TD-RM88",112505.91505
"30","Base_TD-Rstr",14320.8039915
"31","Base_TD-SacMouth",15639.83136
"32","Base_TD-Sacramento_Release",123261.47535
"33","Base_TD-Steamboat",27570.36022
"34","Base_TD-Sutter",26019.02068
"35","Base_TD-UpperMiner",16865.483355
"36","Base_TD-Yolo_Release",52706.70799
"37","BaseSteamboat-Base_TD",13654.19174
"38","BaseSteamboat-BaseSteamboat",0
"39","BaseSteamboat-BC_joint",16431.3556633333
"40","BaseSteamboat-Chipps",31500.6981054167
"41","BaseSteamboat-Georgiana",21398.52205
"42","BaseSteamboat-I_80_1",46752.8423
"43","BaseSteamboat-KLB",110995.06755
"44","BaseSteamboat-Lisbon",35906.14176
"45","BaseSteamboat-Miner",7446.165115
"46","BaseSteamboat-MS01",109194.296775
"47","BaseSteamboat-MS02",106075.4427
"48","BaseSteamboat-MS03",104621.7388
"49","BaseSteamboat-MS04",103815.766175
"50","BaseSteamboat-MS05",102762.83885
"51","BaseSteamboat-MS06",99166.5818033333
"52","BaseSteamboat-MS07",95998.0391225
"53","BaseSteamboat-MS08",88571.3437533333
"54","BaseSteamboat-MS09",84807.30516
"55","BaseSteamboat-MS10",79099.377402
"56","BaseSteamboat-MS11",50913.3095
"57","BaseSteamboat-MS12",58530.7079633333
"58","BaseSteamboat-MS13",36618.882368
"59","BaseSteamboat-MS14",20658.1444704
"60","BaseSteamboat-MS15",33526.6958
"61","BaseSteamboat-MS16",5514.163555
"62","BaseSteamboat-RM61",64158.9761
"63","BaseSteamboat-RM71",81144.04818
"64","BaseSteamboat-RM80_5",96738.68657
"65","BaseSteamboat-RM88",106954.468
"66","BaseSteamboat-Rstr",21346.508295
"67","BaseSteamboat-SacMouth",2956.398721
"68","BaseSteamboat-Sacramento_Release",117710.0283
"69","BaseSteamboat-Steamboat",15389.26444
"70","BaseSteamboat-Sutter",21029.53415
"71","BaseSteamboat-UpperMiner",16201.90454
"72","BaseSteamboat-Yolo_Release",59732.41229
"73","BC_joint-Base_TD",15000.1024033333
"74","BC_joint-BaseSteamboat",16431.3556633333
"75","BC_joint-BC_joint",16916.7574956778
"76","BC_joint-Chipps",46961.2946640278
"77","BC_joint-Georgiana",36859.1186083333
"78","BC_joint-I_80_1",40208.2531013333
"79","BC_joint-KLB",119615.1415
"80","BC_joint-Lisbon",29834.7357458333
"81","BC_joint-Miner",11178.3708706667
"82","BC_joint-MS01",117814.3706875
"83","BC_joint-MS02",114695.516633333
"84","BC_joint-MS03",113241.812711111
"85","BC_joint-MS04",112435.840116667
"86","BC_joint-MS05",111382.912783333
"87","BC_joint-MS06",107786.655736667
"88","BC_joint-MS07",104618.113050833
"89","BC_joint-MS08",97191.4176755556
"90","BC_joint-MS09",93427.37909
"91","BC_joint-MS10",87719.4513226667
"92","BC_joint-MS11",44368.720305
"93","BC_joint-MS12",67150.7818861111
"94","BC_joint-MS13",45238.956292
"95","BC_joint-MS14",34776.5215036667
"96","BC_joint-MS15",48987.2923583333
"97","BC_joint-MS16",21945.5192183333
"98","BC_joint-RM61",72779.05003
"99","BC_joint-RM71",89764.1221016667
"100","BC_joint-RM80_5",105358.760496667
"101","BC_joint-RM88",115574.541983333
"102","BC_joint-Rstr",20128.3134391667
"103","BC_joint-SacMouth",18416.9952783333
"104","BC_joint-Sacramento_Release",126330.102283333
"105","BC_joint-Steamboat",30638.9871583333
"106","BC_joint-Sutter",29087.64762
"107","BC_joint-UpperMiner",19934.1102933333
"108","BC_joint-Yolo_Release",53187.823095
"109","Chipps-Base_TD",44184.1307441667
"110","Chipps-BaseSteamboat",31500.6981054167
"111","Chipps-BC_joint",46961.2946640278
"112","Chipps-Chipps",164.333406538486
"113","Chipps-Georgiana",50443.44089375
"114","Chipps-I_80_1",77282.7813029167
"115","Chipps-KLB",142495.765683333
"116","Chipps-Lisbon",66436.08075625
"117","Chipps-Miner",37976.1041154167
"118","Chipps-MS01",140694.994863542
"119","Chipps-MS02",137576.140808333
"120","Chipps-MS03",136122.436886111
"121","Chipps-MS04",135316.4643
"122","Chipps-MS05",134263.536963542
"123","Chipps-MS06",130667.279916667
"124","Chipps-MS07",127498.737228125
"125","Chipps-MS08",120072.041859722
"126","Chipps-MS09",116308.003270833
"127","Chipps-MS10",110600.075508333
"128","Chipps-MS11",81443.24850375
"129","Chipps-MS12",90031.4060695833
"130","Chipps-MS13",68119.5804751667
"131","Chipps-MS14",50685.3750176667
"132","Chipps-MS15",54518.1664141667
"133","Chipps-MS16",37014.86166375
"134","Chipps-RM61",95659.67421375
"135","Chipps-RM71",112644.746295833
"136","Chipps-RM80_5",128239.384695833
"137","Chipps-RM88",138455.166147917
"138","Chipps-Rstr",51876.4472952083
"139","Chipps-SacMouth",32001.3175629167
"140","Chipps-Sacramento_Release",149210.72645
"141","Chipps-Steamboat",46889.9625454167
"142","Chipps-Sutter",52530.2322541667
"143","Chipps-UpperMiner",46731.8435429167
"144","Chipps-Yolo_Release",90262.3512954167
"145","Georgiana-Base_TD",34081.95469
"146","Georgiana-BaseSteamboat",21398.52205
"147","Georgiana-BC_joint",36859.1186083333
"148","Georgiana-Chipps",50443.44089375
"149","Georgiana-Georgiana",0
"150","Georgiana-I_80_1",67180.60524
"151","Georgiana-KLB",102718.35915
"152","Georgiana-Lisbon",56333.9047
"153","Georgiana-Miner",27873.92806
"154","Georgiana-MS01",100917.588375
"155","Georgiana-MS02",97798.734295
"156","Georgiana-MS03",96345.0303766667
"157","Georgiana-MS04",95539.0577775
"158","Georgiana-MS05",94486.1304475
"159","Georgiana-MS06",90889.8734033333
"160","Georgiana-MS07",87721.33072
"161","Georgiana-MS08",80294.6353466667
"162","Georgiana-MS09",76530.59676
"163","Georgiana-MS10",70822.668994
"164","Georgiana-MS11",71341.07245
"165","Georgiana-MS12",50253.9995533333
"166","Georgiana-MS13",28342.173962
"167","Georgiana-MS14",8560.66499446
"168","Georgiana-MS15",12748.21268
"169","Georgiana-MS16",22484.99451
"170","Georgiana-RM61",55882.2677
"171","Georgiana-RM71",72867.339775
"172","Georgiana-RM80_5",88461.97817
"173","Georgiana-RM88",98677.75963
"174","Georgiana-Rstr",41774.27124
"175","Georgiana-SacMouth",18442.12333
"176","Georgiana-Sacramento_Release",109433.3199
"177","Georgiana-Steamboat",12609.89362
"178","Georgiana-Sutter",12752.82574
"179","Georgiana-UpperMiner",21906.36307
"180","Georgiana-Yolo_Release",80160.17524
"181","I_80_1-Base_TD",39727.138
"182","I_80_1-BaseSteamboat",46752.8423
"183","I_80_1-BC_joint",40208.2531013333
"184","I_80_1-Chipps",77282.7813029167
"185","I_80_1-Georgiana",67180.60524
"186","I_80_1-I_80_1",0
"187","I_80_1-KLB",149645.1651
"188","I_80_1-Lisbon",10846.70054
"189","I_80_1-Miner",41208.39449
"190","I_80_1-MS01",147844.394275
"191","I_80_1-MS02",144725.54025
"192","I_80_1-MS03",143271.8363
"193","I_80_1-MS04",142465.863725
"194","I_80_1-MS05",141412.9364
"195","I_80_1-MS06",137816.679366667
"196","I_80_1-MS07",134648.13665
"197","I_80_1-MS08",127221.4413
"198","I_80_1-MS09",123457.4027
"199","I_80_1-MS10",117749.47494
"200","I_80_1-MS11",4160.467202
"201","I_80_1-MS12",97180.8055033333
"202","I_80_1-MS13",75268.97991
"203","I_80_1-MS14",65039.715536
"204","I_80_1-MS15",79308.779
"205","I_80_1-MS16",52267.00585
"206","I_80_1-RM61",102809.0736
"207","I_80_1-RM71",119794.14575
"208","I_80_1-RM80_5",135388.7841
"209","I_80_1-RM88",145604.5656
"210","I_80_1-Rstr",25406.334005
"211","I_80_1-SacMouth",48738.48191
"212","I_80_1-Sacramento_Release",156360.1259
"213","I_80_1-Steamboat",60669.01078
"214","I_80_1-Sutter",59117.67124
"215","I_80_1-UpperMiner",49964.13391
"216","I_80_1-Yolo_Release",12979.56999
"217","KLB-Base_TD",116546.514575
"218","KLB-BaseSteamboat",110995.06755
"219","KLB-BC_joint",119615.1415
"220","KLB-Chipps",142495.765683333
"221","KLB-Georgiana",102718.35915
"222","KLB-I_80_1",149645.1651
"223","KLB-KLB",146.1465337
"224","KLB-Lisbon",138798.46455
"225","KLB-Miner",108436.77065
"226","KLB-MS01",1816.6764738
"227","KLB-MS02",4919.624872625
"228","KLB-MS03",6373.3287885
"229","KLB-MS04",7179.301387375
"230","KLB-MS05",8232.2287195
"231","KLB-MS06",11828.4857621667
"232","KLB-MS07",14997.02844875
"233","KLB-MS08",22423.72382
"234","KLB-MS09",26187.76241
"235","KLB-MS10",31895.690173
"236","KLB-MS11",153805.63235
"237","KLB-MS12",52464.3596116667
"238","KLB-MS13",74376.185205
"239","KLB-MS14",101623.239479
"240","KLB-MS15",112910.15885
"241","KLB-MS16",105480.90405
"242","KLB-RM61",46836.091465
"243","KLB-RM71",29851.01939
"244","KLB-RM80_5",14256.381
"245","KLB-RM88",4040.59953425
"246","KLB-Rstr",124238.8311
"247","KLB-SacMouth",113951.4663
"248","KLB-Sacramento_Release",6714.9607695
"249","KLB-Steamboat",95605.803135
"250","KLB-Sutter",90527.493875
"251","KLB-UpperMiner",99681.031205
"252","KLB-Yolo_Release",162624.7351
"253","Lisbon-Base_TD",28880.43745
"254","Lisbon-BaseSteamboat",35906.14176
"255","Lisbon-BC_joint",29834.7357458333
"256","Lisbon-Chipps",66436.08075625
"257","Lisbon-Georgiana",56333.9047
"258","Lisbon-I_80_1",10846.70054
"259","Lisbon-KLB",138798.46455
"260","Lisbon-Lisbon",0
"261","Lisbon-Miner",30361.69395
"262","Lisbon-MS01",136997.693775
"263","Lisbon-MS02",133878.8397
"264","Lisbon-MS03",132425.1358
"265","Lisbon-MS04",131619.163175
"266","Lisbon-MS05",130566.23585
"267","Lisbon-MS06",126969.9788
"268","Lisbon-MS07",123801.436125
"269","Lisbon-MS08",116374.740733333
"270","Lisbon-MS09",112610.70215
"271","Lisbon-MS10",106902.7744
"272","Lisbon-MS11",15007.16775
"273","Lisbon-MS12",86334.1049633333
"274","Lisbon-MS13",64422.279366
"275","Lisbon-MS14",54193.014994
"276","Lisbon-MS15",68462.07845
"277","Lisbon-MS16",41420.30531
"278","Lisbon-RM61",91962.3731
"279","Lisbon-RM71",108947.44515
"280","Lisbon-RM80_5",124542.0836
"281","Lisbon-RM88",134757.865
"282","Lisbon-Rstr",14559.63346
"283","Lisbon-SacMouth",37891.78137
"284","Lisbon-Sacramento_Release",145513.4253
"285","Lisbon-Steamboat",49822.31023
"286","Lisbon-Sutter",48270.9707
"287","Lisbon-UpperMiner",39117.43337
"288","Lisbon-Yolo_Release",23826.27054
"289","Miner-Base_TD",8109.7439315
"290","Miner-BaseSteamboat",7446.165115
"291","Miner-BC_joint",11178.3708706667
"292","Miner-Chipps",37976.1041154167
"293","Miner-Georgiana",27873.92806
"294","Miner-I_80_1",41208.39449
"295","Miner-KLB",108436.77065
"296","Miner-Lisbon",30361.69395
"297","Miner-Miner",0
"298","Miner-MS01",106635.999825
"299","Miner-MS02",103517.14575
"300","Miner-MS03",102063.441833333
"301","Miner-MS04",101257.469225
"302","Miner-MS05",100204.54191
"303","Miner-MS06",96608.28487
"304","Miner-MS07",93439.74218
"305","Miner-MS08",86013.0468066667
"306","Miner-MS09",82249.00822
"307","Miner-MS10",76541.080454
"308","Miner-MS11",45368.86169
"309","Miner-MS12",55972.4110133333
"310","Miner-MS13",34060.585422
"311","Miner-MS14",25352.694892
"312","Miner-MS15",40002.10181
"313","Miner-MS16",12960.32867
"314","Miner-RM61",61600.67916
"315","Miner-RM71",78585.75124
"316","Miner-RM80_5",94180.38963
"317","Miner-RM88",104396.1711
"318","Miner-Rstr",15802.060485
"319","Miner-SacMouth",9431.804731
"320","Miner-Sacramento_Release",115151.7314
"321","Miner-Steamboat",19460.61629
"322","Miner-Sutter",17909.27675
"323","Miner-UpperMiner",8755.739424
"324","Miner-Yolo_Release",54187.96448
"325","MS01-Base_TD",114745.743725
"326","MS01-BaseSteamboat",109194.296775
"327","MS01-BC_joint",117814.3706875
"328","MS01-Chipps",140694.994863542
"329","MS01-Georgiana",100917.588375
"330","MS01-I_80_1",147844.394275
"331","MS01-KLB",1816.6764738
"332","MS01-Lisbon",136997.693775
"333","MS01-Miner",106635.999825
"334","MS01-MS01",867.144556767
"335","MS01-MS02",3118.8540633125
"336","MS01-MS03",4572.55797908333
"337","MS01-MS04",5378.530578125
"338","MS01-MS05",6431.4579100625
"339","MS01-MS06",10027.7149549167
"340","MS01-MS07",13196.25763875
"341","MS01-MS08",20622.9530108333
"342","MS01-MS09",24386.9916
"343","MS01-MS10",30094.919364
"344","MS01-MS11",152004.861475
"345","MS01-MS12",50663.5888008333
"346","MS01-MS13",72575.4143965
"347","MS01-MS14",99822.4686735
"348","MS01-MS15",111109.388075
"349","MS01-MS16",103680.133175
"350","MS01-RM61",45035.32066
"351","MS01-RM71",28050.24858125
"352","MS01-RM80_5",12455.61019
"353","MS01-RM88",2239.828724875
"354","MS01-Rstr",122438.0603125
"355","MS01-SacMouth",112150.695475
"356","MS01-Sacramento_Release",8515.731579
"357","MS01-Steamboat",93805.032325
"358","MS01-Sutter",88726.723065
"359","MS01-UpperMiner",97880.260395
"360","MS01-Yolo_Release",160823.964275
"361","MS02-Base_TD",111626.8897
"362","MS02-BaseSteamboat",106075.4427
"363","MS02-BC_joint",114695.516633333
"364","MS02-Chipps",137576.140808333
"365","MS02-Georgiana",97798.734295
"366","MS02-I_80_1",144725.54025
"367","MS02-KLB",4919.624872625
"368","MS02-Lisbon",133878.8397
"369","MS02-Miner",103517.14575
"370","MS02-MS01",3118.8540633125
"371","MS02-MS02",70.10272925125
"372","MS02-MS03",1453.7039155
"373","MS02-MS04",2259.67651475
"374","MS02-MS05",3312.60384675
"375","MS02-MS06",6908.86089091667
"376","MS02-MS07",10077.40357475
"377","MS02-MS08",17504.0989491667
"378","MS02-MS09",21268.1375375
"379","MS02-MS10",26976.065301
"380","MS02-MS11",148886.00745
"381","MS02-MS12",47544.7347375
"382","MS02-MS13",69456.560333
"383","MS02-MS14",96703.6145985
"384","MS02-MS15",107990.534
"385","MS02-MS16",100561.27915
"386","MS02-RM61",41916.466595
"387","MS02-RM71",24931.3945175
"388","MS02-RM80_5",9336.7561275
"389","MS02-RM88",879.025338475
"390","MS02-Rstr",119319.206225
"391","MS02-SacMouth",109031.841425
"392","MS02-Sacramento_Release",11634.58564
"393","MS02-Steamboat",90686.17826
"394","MS02-Sutter",85607.8690025
"395","MS02-UpperMiner",94761.40633
"396","MS02-Yolo_Release",157705.11025
"397","MS03-Base_TD",110173.18575
"398","MS03-BaseSteamboat",104621.7388
"399","MS03-BC_joint",113241.812711111
"400","MS03-Chipps",136122.436886111
"401","MS03-Georgiana",96345.0303766667
"402","MS03-I_80_1",143271.8363
"403","MS03-KLB",6373.3287885
"404","MS03-Lisbon",132425.1358
"405","MS03-Miner",102063.441833333
"406","MS03-MS01",4572.55797908333
"407","MS03-MS02",1453.7039155
"408","MS03-MS03",107.59668124
"409","MS03-MS04",805.97259905
"410","MS03-MS05",1858.89993108333
"411","MS03-MS06",5455.15697533333
"412","MS03-MS07",8623.69965991667
"413","MS03-MS08",16050.3950333333
"414","MS03-MS09",19814.4336233333
"415","MS03-MS10",25522.3613846667
"416","MS03-MS11",147432.3035
"417","MS03-MS12",46091.03082
"418","MS03-MS13",68002.856418
"419","MS03-MS14",95249.9106886667
"420","MS03-MS15",106536.8301
"421","MS03-MS16",99107.5752333333
"422","MS03-RM61",40462.7626833333
"423","MS03-RM71",23477.6906033333
"424","MS03-RM80_5",7883.052212
"425","MS03-RM88",2332.72925416667
"426","MS03-Rstr",117865.502333333
"427","MS03-SacMouth",107578.1375
"428","MS03-Sacramento_Release",13088.2895566667
"429","MS03-Steamboat",89232.4743433333
"430","MS03-Sutter",84154.1650833333
"431","MS03-UpperMiner",93307.7024133333
"432","MS03-Yolo_Release",156251.4063
"433","MS04-Base_TD",109367.213175
"434","MS04-BaseSteamboat",103815.766175
"435","MS04-BC_joint",112435.840116667
"436","MS04-Chipps",135316.4643
"437","MS04-Georgiana",95539.0577775
"438","MS04-I_80_1",142465.863725
"439","MS04-KLB",7179.301387375
"440","MS04-Lisbon",131619.163175
"441","MS04-Miner",101257.469225
"442","MS04-MS01",5378.530578125
"443","MS04-MS02",2259.67651475
"444","MS04-MS03",805.97259905
"445","MS04-MS04",58.5000721425
"446","MS04-MS05",1052.92733194375
"447","MS04-MS06",4649.18437633333
"448","MS04-MS07",7817.7270608125
"449","MS04-MS08",15244.4224341667
"450","MS04-MS09",19008.46102375
"451","MS04-MS10",24716.388786
"452","MS04-MS11",146626.330925
"453","MS04-MS12",45285.0582225
"454","MS04-MS13",67196.8838185
"455","MS04-MS14",94443.9380915
"456","MS04-MS15",105730.857475
"457","MS04-MS16",98301.60263
"458","MS04-RM61",39656.79008
"459","MS04-RM71",22671.7180025
"460","MS04-RM80_5",7077.079613
"461","MS04-RM88",3138.701853375
"462","MS04-Rstr",117059.529725
"463","MS04-SacMouth",106772.164925
"464","MS04-Sacramento_Release",13894.262155
"465","MS04-Steamboat",88426.5017475
"466","MS04-Sutter",83348.1924875
"467","MS04-UpperMiner",92501.729815
"468","MS04-Yolo_Release",155445.433725
"469","MS05-Base_TD",108314.28585
"470","MS05-BaseSteamboat",102762.83885
"471","MS05-BC_joint",111382.912783333
"472","MS05-Chipps",134263.536963542
"473","MS05-Georgiana",94486.1304475
"474","MS05-I_80_1",141412.9364
"475","MS05-KLB",8232.2287195
"476","MS05-Lisbon",130566.23585
"477","MS05-Miner",100204.54191
"478","MS05-MS01",6431.4579100625
"479","MS05-MS02",3312.60384675
"480","MS05-MS03",1858.89993108333
"481","MS05-MS04",1052.92733194375
"482","MS05-MS05",391.65013389
"483","MS05-MS06",3777.61884371667
"484","MS05-MS07",6764.7997290625
"485","MS05-MS08",14191.4951016667
"486","MS05-MS09",17955.53369125
"487","MS05-MS10",23663.461454
"488","MS05-MS11",145573.4036
"489","MS05-MS12",44232.1308916667
"490","MS05-MS13",66143.956486
"491","MS05-MS14",93391.0107565
"492","MS05-MS15",104677.93015
"493","MS05-MS16",97248.6752975
"494","MS05-RM61",38603.8627475
"495","MS05-RM71",21618.79067125
"496","MS05-RM80_5",6024.152281
"497","MS05-RM88",4191.629185375
"498","MS05-Rstr",116006.6023875
"499","MS05-SacMouth",105719.2376
"500","MS05-Sacramento_Release",14947.1894875
"501","MS05-Steamboat",87373.574415
"502","MS05-Sutter",82295.265155
"503","MS05-UpperMiner",91448.802485
"504","MS05-Yolo_Release",154392.5064
"505","MS06-Base_TD",104718.0288
"506","MS06-BaseSteamboat",99166.5818033333
"507","MS06-BC_joint",107786.655736667
"508","MS06-Chipps",130667.279916667
"509","MS06-Georgiana",90889.8734033333
"510","MS06-I_80_1",137816.679366667
"511","MS06-KLB",11828.4857621667
"512","MS06-Lisbon",126969.9788
"513","MS06-Miner",96608.28487
"514","MS06-MS01",10027.7149549167
"515","MS06-MS02",6908.86089091667
"516","MS06-MS03",5455.15697533333
"517","MS06-MS04",4649.18437633333
"518","MS06-MS05",3777.61884371667
"519","MS06-MS06",2476.57413815111
"520","MS06-MS07",3168.5426845
"521","MS06-MS08",10595.2380568889
"522","MS06-MS09",14359.2766433333
"523","MS06-MS10",20067.2044093333
"524","MS06-MS11",141977.146566667
"525","MS06-MS12",40635.8738488889
"526","MS06-MS13",62547.6994413333
"527","MS06-MS14",89794.7537093333
"528","MS06-MS15",101081.673103333
"529","MS06-MS16",93652.4182533333
"530","MS06-RM61",35007.6057033333
"531","MS06-RM71",18022.533625
"532","MS06-RM80_5",2427.89523676667
"533","MS06-RM88",7787.88622966667
"534","MS06-Rstr",112410.34535
"535","MS06-SacMouth",102122.9805
"536","MS06-Sacramento_Release",18543.4465366667
"537","MS06-Steamboat",83777.3173733333
"538","MS06-Sutter",78699.0081133333
"539","MS06-UpperMiner",87852.5454433333
"540","MS06-Yolo_Release",150796.249366667
"541","MS07-Base_TD",101549.4861
"542","MS07-BaseSteamboat",95998.0391225
"543","MS07-BC_joint",104618.113050833
"544","MS07-Chipps",127498.737228125
"545","MS07-Georgiana",87721.33072
"546","MS07-I_80_1",134648.13665
"547","MS07-KLB",14997.02844875
"548","MS07-Lisbon",123801.436125
"549","MS07-Miner",93439.74218
"550","MS07-MS01",13196.25763875
"551","MS07-MS02",10077.40357475
"552","MS07-MS03",8623.69965991667
"553","MS07-MS04",7817.7270608125
"554","MS07-MS05",6764.7997290625
"555","MS07-MS06",3168.5426845
"556","MS07-MS07",87.2726762025
"557","MS07-MS08",7426.69537275
"558","MS07-MS09",11190.73396
"559","MS07-MS10",16898.661726
"560","MS07-MS11",138808.60385
"561","MS07-MS12",37467.3311616667
"562","MS07-MS13",59379.156757
"563","MS07-MS14",86626.211027
"564","MS07-MS15",97913.1304225
"565","MS07-MS16",90483.87557
"566","MS07-RM61",31839.06302
"567","MS07-RM71",14853.99094125
"568","MS07-RM80_5",740.6474479
"569","MS07-RM88",10956.42891375
"570","MS07-Rstr",109241.8026625
"571","MS07-SacMouth",98954.4378475
"572","MS07-Sacramento_Release",21711.98922
"573","MS07-Steamboat",80608.7746825
"574","MS07-Sutter",75530.4654275
"575","MS07-UpperMiner",84684.0027525
"576","MS07-Yolo_Release",147627.70665
"577","MS08-Base_TD",94122.7907366667
"578","MS08-BaseSteamboat",88571.3437533333
"579","MS08-BC_joint",97191.4176755556
"580","MS08-Chipps",120072.041859722
"581","MS08-Georgiana",80294.6353466667
"582","MS08-I_80_1",127221.4413
"583","MS08-KLB",22423.72382
"584","MS08-Lisbon",116374.740733333
"585","MS08-Miner",86013.0468066667
"586","MS08-MS01",20622.9530108333
"587","MS08-MS02",17504.0989491667
"588","MS08-MS03",16050.3950333333
"589","MS08-MS04",15244.4224341667
"590","MS08-MS05",14191.4951016667
"591","MS08-MS06",10595.2380568889
"592","MS08-MS07",7426.69537275
"593","MS08-MS08",17.6794981155556
"594","MS08-MS09",3764.038589
"595","MS08-MS10",9471.96635226667
"596","MS08-MS11",131381.908533333
"597","MS08-MS12",30040.63579
"598","MS08-MS13",51952.461384
"599","MS08-MS14",79199.515654
"600","MS08-MS15",90486.4350533333
"601","MS08-MS16",83057.1801966667
"602","MS08-RM61",24412.3676466667
"603","MS08-RM71",7427.29556916667
"604","MS08-RM80_5",8167.34282066667
"605","MS08-RM88",18383.1242866667
"606","MS08-Rstr",101815.107283333
"607","MS08-SacMouth",91527.7424733333
"608","MS08-Sacramento_Release",29138.6845933333
"609","MS08-Steamboat",73182.0793133333
"610","MS08-Sutter",68103.7700533333
"611","MS08-UpperMiner",77257.3073833333
"612","MS08-Yolo_Release",140201.011266667
"613","MS09-Base_TD",90358.75215
"614","MS09-BaseSteamboat",84807.30516
"615","MS09-BC_joint",93427.37909
"616","MS09-Chipps",116308.003270833
"617","MS09-Georgiana",76530.59676
"618","MS09-I_80_1",123457.4027
"619","MS09-KLB",26187.76241
"620","MS09-Lisbon",112610.70215
"621","MS09-Miner",82249.00822
"622","MS09-MS01",24386.9916
"623","MS09-MS02",21268.1375375
"624","MS09-MS03",19814.4336233333
"625","MS09-MS04",19008.46102375
"626","MS09-MS05",17955.53369125
"627","MS09-MS06",14359.2766433333
"628","MS09-MS07",11190.73396
"629","MS09-MS08",3764.038589
"630","MS09-MS09",258.2784698
"631","MS09-MS10",5707.9277633
"632","MS09-MS11",127617.8699
"633","MS09-MS12",26276.5971983333
"634","MS09-MS13",48188.422796
"635","MS09-MS14",75435.477066
"636","MS09-MS15",86722.39646
"637","MS09-MS16",79293.14161
"638","MS09-RM61",20648.32906
"639","MS09-RM71",3663.25698
"640","MS09-RM80_5",11931.38141
"641","MS09-RM88",22147.162875
"642","MS09-Rstr",98051.0687
"643","MS09-SacMouth",87763.70388
"644","MS09-Sacramento_Release",32902.72318
"645","MS09-Steamboat",69418.04072
"646","MS09-Sutter",64339.73146
"647","MS09-UpperMiner",73493.26879
"648","MS09-Yolo_Release",136436.9727
"649","MS10-Base_TD",84650.824385
"650","MS10-BaseSteamboat",79099.377402
"651","MS10-BC_joint",87719.4513226667
"652","MS10-Chipps",110600.075508333
"653","MS10-Georgiana",70822.668994
"654","MS10-I_80_1",117749.47494
"655","MS10-KLB",31895.690173
"656","MS10-Lisbon",106902.7744
"657","MS10-Miner",76541.080454
"658","MS10-MS01",30094.919364
"659","MS10-MS02",26976.065301
"660","MS10-MS03",25522.3613846667
"661","MS10-MS04",24716.388786
"662","MS10-MS05",23663.461454
"663","MS10-MS06",20067.2044093333
"664","MS10-MS07",16898.661726
"665","MS10-MS08",9471.96635226667
"666","MS10-MS09",5707.9277633
"667","MS10-MS10",166.5384612856
"668","MS10-MS11",121909.94214
"669","MS10-MS12",20568.6694373333
"670","MS10-MS13",42480.495032
"671","MS10-MS14",69727.5493016
"672","MS10-MS15",81014.4687
"673","MS10-MS16",73585.213844
"674","MS10-RM61",14940.401294
"675","MS10-RM71",2044.6707832
"676","MS10-RM80_5",17639.309174
"677","MS10-RM88",27855.090639
"678","MS10-Rstr",92343.140937
"679","MS10-SacMouth",82055.776122
"680","MS10-Sacramento_Release",38610.650944
"681","MS10-Steamboat",63710.112962
"682","MS10-Sutter",58631.803702
"683","MS10-UpperMiner",67785.34103
"684","MS10-Yolo_Release",130729.04494
"685","MS11-Base_TD",43887.6052
"686","MS11-BaseSteamboat",50913.3095
"687","MS11-BC_joint",44368.720305
"688","MS11-Chipps",81443.24850375
"689","MS11-Georgiana",71341.07245
"690","MS11-I_80_1",4160.467202
"691","MS11-KLB",153805.63235
"692","MS11-Lisbon",15007.16775
"693","MS11-Miner",45368.86169
"694","MS11-MS01",152004.861475
"695","MS11-MS02",148886.00745
"696","MS11-MS03",147432.3035
"697","MS11-MS04",146626.330925
"698","MS11-MS05",145573.4036
"699","MS11-MS06",141977.146566667
"700","MS11-MS07",138808.60385
"701","MS11-MS08",131381.908533333
"702","MS11-MS09",127617.8699
"703","MS11-MS10",121909.94214
"704","MS11-MS11",0
"705","MS11-MS12",101341.2727
"706","MS11-MS13",79429.447112
"707","MS11-MS14",69200.182738
"708","MS11-MS15",83469.2462
"709","MS11-MS16",56427.47306
"710","MS11-RM61",106969.5408
"711","MS11-RM71",123954.61295
"712","MS11-RM80_5",139549.2513
"713","MS11-RM88",149765.0328
"714","MS11-Rstr",29566.80121
"715","MS11-SacMouth",52898.94912
"716","MS11-Sacramento_Release",160520.5931
"717","MS11-Steamboat",64829.47798
"718","MS11-Sutter",63278.13844
"719","MS11-UpperMiner",54124.60111
"720","MS11-Yolo_Release",8819.102792
"721","MS12-Base_TD",64082.1549483333
"722","MS12-BaseSteamboat",58530.7079633333
"723","MS12-BC_joint",67150.7818861111
"724","MS12-Chipps",90031.4060695833
"725","MS12-Georgiana",50253.9995533333
"726","MS12-I_80_1",97180.8055033333
"727","MS12-KLB",52464.3596116667
"728","MS12-Lisbon",86334.1049633333
"729","MS12-Miner",55972.4110133333
"730","MS12-MS01",50663.5888008333
"731","MS12-MS02",47544.7347375
"732","MS12-MS03",46091.03082
"733","MS12-MS04",45285.0582225
"734","MS12-MS05",44232.1308916667
"735","MS12-MS06",40635.8738488889
"736","MS12-MS07",37467.3311616667
"737","MS12-MS08",30040.63579
"738","MS12-MS09",26276.5971983333
"739","MS12-MS10",20568.6694373333
"740","MS12-MS11",101341.2727
"741","MS12-MS12",46.9336542777778
"742","MS12-MS13",21911.825596
"743","MS12-MS14",49158.8798673333
"744","MS12-MS15",60445.7992633333
"745","MS12-MS16",53016.54441
"746","MS12-RM61",5628.268142
"747","MS12-RM71",22613.3402183333
"748","MS12-RM80_5",38207.9786066667
"749","MS12-RM88",48423.7600766667
"750","MS12-Rstr",71774.4715016667
"751","MS12-SacMouth",61487.1066833333
"752","MS12-Sacramento_Release",59179.32038
"753","MS12-Steamboat",43141.4435233333
"754","MS12-Sutter",38063.1342633333
"755","MS12-UpperMiner",47216.6715933333
"756","MS12-Yolo_Release",110160.3755
"757","MS13-Base_TD",42170.329353
"758","MS13-BaseSteamboat",36618.882368
"759","MS13-BC_joint",45238.956292
"760","MS13-Chipps",68119.5804751667
"761","MS13-Georgiana",28342.173962
"762","MS13-I_80_1",75268.97991
"763","MS13-KLB",74376.185205
"764","MS13-Lisbon",64422.279366
"765","MS13-Miner",34060.585422
"766","MS13-MS01",72575.4143965
"767","MS13-MS02",69456.560333
"768","MS13-MS03",68002.856418
"769","MS13-MS04",67196.8838185
"770","MS13-MS05",66143.956486
"771","MS13-MS06",62547.6994413333
"772","MS13-MS07",59379.156757
"773","MS13-MS08",51952.461384
"774","MS13-MS09",48188.422796
"775","MS13-MS10",42480.495032
"776","MS13-MS11",79429.447112
"777","MS13-MS12",21911.825596
"778","MS13-MS13",182.0950938432
"779","MS13-MS14",27247.0542692
"780","MS13-MS15",38533.973666
"781","MS13-MS16",31104.718812
"782","MS13-RM61",27540.093738
"783","MS13-RM71",44525.165817
"784","MS13-RM80_5",60119.804206
"785","MS13-RM88",70335.585672
"786","MS13-Rstr",49862.645905
"787","MS13-SacMouth",39575.28109
"788","MS13-Sacramento_Release",81091.145976
"789","MS13-Steamboat",21229.617928
"790","MS13-Sutter",16151.30867
"791","MS13-UpperMiner",25304.845996
"792","MS13-Yolo_Release",88248.549904
"793","MS14-Base_TD",31941.064978
"794","MS14-BaseSteamboat",20658.1444704
"795","MS14-BC_joint",34776.5215036667
"796","MS14-Chipps",50685.3750176667
"797","MS14-Georgiana",8560.66499446
"798","MS14-I_80_1",65039.715536
"799","MS14-KLB",101623.239479
"800","MS14-Lisbon",54193.014994
"801","MS14-Miner",25352.694892
"802","MS14-MS01",99822.4686735
"803","MS14-MS02",96703.6145985
"804","MS14-MS03",95249.9106886667
"805","MS14-MS04",94443.9380915
"806","MS14-MS05",93391.0107565
"807","MS14-MS06",89794.7537093333
"808","MS14-MS07",86626.211027
"809","MS14-MS08",79199.515654
"810","MS14-MS09",75435.477066
"811","MS14-MS10",69727.5493016
"812","MS14-MS11",69200.182738
"813","MS14-MS12",49158.8798673333
"814","MS14-MS13",27247.0542692
"815","MS14-MS14",11421.806731352
"816","MS14-MS15",19010.932196
"817","MS14-MS16",18840.8375334
"818","MS14-RM61",54787.148006
"819","MS14-RM71",71772.220085
"820","MS14-RM80_5",87366.858474
"821","MS14-RM88",97582.63994
"822","MS14-Rstr",39633.381531
"823","MS14-SacMouth",20066.864724
"824","MS14-Sacramento_Release",108338.200234
"825","MS14-Steamboat",11459.554691
"826","MS14-Sutter",11545.31395614
"827","MS14-UpperMiner",18045.7715868
"828","MS14-Yolo_Release",78019.28553
"829","MS15-Base_TD",46210.12844
"830","MS15-BaseSteamboat",33526.6958
"831","MS15-BC_joint",48987.2923583333
"832","MS15-Chipps",54518.1664141667
"833","MS15-Georgiana",12748.21268
"834","MS15-I_80_1",79308.779
"835","MS15-KLB",112910.15885
"836","MS15-Lisbon",68462.07845
"837","MS15-Miner",40002.10181
"838","MS15-MS01",111109.388075
"839","MS15-MS02",107990.534
"840","MS15-MS03",106536.8301
"841","MS15-MS04",105730.857475
"842","MS15-MS05",104677.93015
"843","MS15-MS06",101081.673103333
"844","MS15-MS07",97913.1304225
"845","MS15-MS08",90486.4350533333
"846","MS15-MS09",86722.39646
"847","MS15-MS10",81014.4687
"848","MS15-MS11",83469.2462
"849","MS15-MS12",60445.7992633333
"850","MS15-MS13",38533.973666
"851","MS15-MS14",19010.932196
"852","MS15-MS15",0
"853","MS15-MS16",32676.79421
"854","MS15-RM61",66074.0674
"855","MS15-RM71",83059.13948
"856","MS15-RM80_5",98653.77787
"857","MS15-RM88",108869.5593
"858","MS15-Rstr",53902.44499
"859","MS15-SacMouth",30570.29708
"860","MS15-Sacramento_Release",119625.1196
"861","MS15-Steamboat",22801.69333
"862","MS15-Sutter",22944.62545
"863","MS15-UpperMiner",32098.16277
"864","MS15-Yolo_Release",92288.34899
"865","MS16-Base_TD",19168.3553
"866","MS16-BaseSteamboat",5514.163555
"867","MS16-BC_joint",21945.5192183333
"868","MS16-Chipps",37014.86166375
"869","MS16-Georgiana",22484.99451
"870","MS16-I_80_1",52267.00585
"871","MS16-KLB",105480.90405
"872","MS16-Lisbon",41420.30531
"873","MS16-Miner",12960.32867
"874","MS16-MS01",103680.133175
"875","MS16-MS02",100561.27915
"876","MS16-MS03",99107.5752333333
"877","MS16-MS04",98301.60263
"878","MS16-MS05",97248.6752975
"879","MS16-MS06",93652.4182533333
"880","MS16-MS07",90483.87557
"881","MS16-MS08",83057.1801966667
"882","MS16-MS09",79293.14161
"883","MS16-MS10",73585.213844
"884","MS16-MS11",56427.47306
"885","MS16-MS12",53016.54441
"886","MS16-MS13",31104.718812
"887","MS16-MS14",18840.8375334
"888","MS16-MS15",32676.79421
"889","MS16-MS16",0
"890","MS16-RM61",58644.81255
"891","MS16-RM71",75629.88463
"892","MS16-RM80_5",91224.52302
"893","MS16-RM88",101440.3045
"894","MS16-Rstr",26860.67185
"895","MS16-SacMouth",8470.562276
"896","MS16-Sacramento_Release",112195.8648
"897","MS16-Steamboat",9875.100885
"898","MS16-Sutter",15515.37059
"899","MS16-UpperMiner",11682.88306
"900","MS16-Yolo_Release",65246.57585
"901","RM61-Base_TD",69710.42309
"902","RM61-BaseSteamboat",64158.9761
"903","RM61-BC_joint",72779.05003
"904","RM61-Chipps",95659.67421375
"905","RM61-Georgiana",55882.2677
"906","RM61-I_80_1",102809.0736
"907","RM61-KLB",46836.091465
"908","RM61-Lisbon",91962.3731
"909","RM61-Miner",61600.67916
"910","RM61-MS01",45035.32066
"911","RM61-MS02",41916.466595
"912","RM61-MS03",40462.7626833333
"913","RM61-MS04",39656.79008
"914","RM61-MS05",38603.8627475
"915","RM61-MS06",35007.6057033333
"916","RM61-MS07",31839.06302
"917","RM61-MS08",24412.3676466667
"918","RM61-MS09",20648.32906
"919","RM61-MS10",14940.401294
"920","RM61-MS11",106969.5408
"921","RM61-MS12",5628.268142
"922","RM61-MS13",27540.093738
"923","RM61-MS14",54787.148006
"924","RM61-MS15",66074.0674
"925","RM61-MS16",58644.81255
"926","RM61-RM61",0
"927","RM61-RM71",16985.07208
"928","RM61-RM80_5",32579.71047
"929","RM61-RM88",42795.491935
"930","RM61-Rstr",77402.73964
"931","RM61-SacMouth",67115.37483
"932","RM61-Sacramento_Release",53551.05224
"933","RM61-Steamboat",48769.71167
"934","RM61-Sutter",43691.40241
"935","RM61-UpperMiner",52844.93973
"936","RM61-Yolo_Release",115788.6436
"937","RM71-Base_TD",86695.49517
"938","RM71-BaseSteamboat",81144.04818
"939","RM71-BC_joint",89764.1221016667
"940","RM71-Chipps",112644.746295833
"941","RM71-Georgiana",72867.339775
"942","RM71-I_80_1",119794.14575
"943","RM71-KLB",29851.01939
"944","RM71-Lisbon",108947.44515
"945","RM71-Miner",78585.75124
"946","RM71-MS01",28050.24858125
"947","RM71-MS02",24931.3945175
"948","RM71-MS03",23477.6906033333
"949","RM71-MS04",22671.7180025
"950","RM71-MS05",21618.79067125
"951","RM71-MS06",18022.533625
"952","RM71-MS07",14853.99094125
"953","RM71-MS08",7427.29556916667
"954","RM71-MS09",3663.25698
"955","RM71-MS10",2044.6707832
"956","RM71-MS11",123954.61295
"957","RM71-MS12",22613.3402183333
"958","RM71-MS13",44525.165817
"959","RM71-MS14",71772.220085
"960","RM71-MS15",83059.13948
"961","RM71-MS16",75629.88463
"962","RM71-RM61",16985.07208
"963","RM71-RM71",2.623648203
"964","RM71-RM80_5",15594.63839
"965","RM71-RM88",25810.4198575
"966","RM71-Rstr",94387.81172
"967","RM71-SacMouth",84100.446905
"968","RM71-Sacramento_Release",36565.98016
"969","RM71-Steamboat",65754.783745
"970","RM71-Sutter",60676.474485
"971","RM71-UpperMiner",69830.01181
"972","RM71-Yolo_Release",132773.71575
"973","RM80_5-Base_TD",102290.13355
"974","RM80_5-BaseSteamboat",96738.68657
"975","RM80_5-BC_joint",105358.760496667
"976","RM80_5-Chipps",128239.384695833
"977","RM80_5-Georgiana",88461.97817
"978","RM80_5-I_80_1",135388.7841
"979","RM80_5-KLB",14256.381
"980","RM80_5-Lisbon",124542.0836
"981","RM80_5-Miner",94180.38963
"982","RM80_5-MS01",12455.61019
"983","RM80_5-MS02",9336.7561275
"984","RM80_5-MS03",7883.052212
"985","RM80_5-MS04",7077.079613
"986","RM80_5-MS05",6024.152281
"987","RM80_5-MS06",2427.89523676667
"988","RM80_5-MS07",740.6474479
"989","RM80_5-MS08",8167.34282066667
"990","RM80_5-MS09",11931.38141
"991","RM80_5-MS10",17639.309174
"992","RM80_5-MS11",139549.2513
"993","RM80_5-MS12",38207.9786066667
"994","RM80_5-MS13",60119.804206
"995","RM80_5-MS14",87366.858474
"996","RM80_5-MS15",98653.77787
"997","RM80_5-MS16",91224.52302
"998","RM80_5-RM61",32579.71047
"999","RM80_5-RM71",15594.63839
"1000","RM80_5-RM80_5",0
"1001","RM80_5-RM88",10215.78147
"1002","RM80_5-Rstr",109982.4501
"1003","RM80_5-SacMouth",99695.08529
"1004","RM80_5-Sacramento_Release",20971.34177
"1005","RM80_5-Steamboat",81349.42213
"1006","RM80_5-Sutter",76271.11287
"1007","RM80_5-UpperMiner",85424.6502
"1008","RM80_5-Yolo_Release",148368.3541
"1009","RM88-Base_TD",112505.91505
"1010","RM88-BaseSteamboat",106954.468
"1011","RM88-BC_joint",115574.541983333
"1012","RM88-Chipps",138455.166147917
"1013","RM88-Georgiana",98677.75963
"1014","RM88-I_80_1",145604.5656
"1015","RM88-KLB",4040.59953425
"1016","RM88-Lisbon",134757.865
"1017","RM88-Miner",104396.1711
"1018","RM88-MS01",2239.828724875
"1019","RM88-MS02",879.025338475
"1020","RM88-MS03",2332.72925416667
"1021","RM88-MS04",3138.701853375
"1022","RM88-MS05",4191.629185375
"1023","RM88-MS06",7787.88622966667
"1024","RM88-MS07",10956.42891375
"1025","RM88-MS08",18383.1242866667
"1026","RM88-MS09",22147.162875
"1027","RM88-MS10",27855.090639
"1028","RM88-MS11",149765.0328
"1029","RM88-MS12",48423.7600766667
"1030","RM88-MS13",70335.585672
"1031","RM88-MS14",97582.63994
"1032","RM88-MS15",108869.5593
"1033","RM88-MS16",101440.3045
"1034","RM88-RM61",42795.491935
"1035","RM88-RM71",25810.4198575
"1036","RM88-RM80_5",10215.78147
"1037","RM88-RM88",7.9394988
"1038","RM88-Rstr",120198.23155
"1039","RM88-SacMouth",109910.8668
"1040","RM88-Sacramento_Release",10755.560305
"1041","RM88-Steamboat",91565.2036
"1042","RM88-Sutter",86486.89434
"1043","RM88-UpperMiner",95640.43167
"1044","RM88-Yolo_Release",158584.1356
"1045","Rstr-Base_TD",14320.8039915
"1046","Rstr-BaseSteamboat",21346.508295
"1047","Rstr-BC_joint",20128.3134391667
"1048","Rstr-Chipps",51876.4472952083
"1049","Rstr-Georgiana",41774.27124
"1050","Rstr-I_80_1",25406.334005
"1051","Rstr-KLB",124238.8311
"1052","Rstr-Lisbon",14559.63346
"1053","Rstr-Miner",15802.060485
"1054","Rstr-MS01",122438.0603125
"1055","Rstr-MS02",119319.206225
"1056","Rstr-MS03",117865.502333333
"1057","Rstr-MS04",117059.529725
"1058","Rstr-MS05",116006.6023875
"1059","Rstr-MS06",112410.34535
"1060","Rstr-MS07",109241.8026625
"1061","Rstr-MS08",101815.107283333
"1062","Rstr-MS09",98051.0687
"1063","Rstr-MS10",92343.140937
"1064","Rstr-MS11",29566.80121
"1065","Rstr-MS12",71774.4715016667
"1066","Rstr-MS13",49862.645905
"1067","Rstr-MS14",39633.381531
"1068","Rstr-MS15",53902.44499
"1069","Rstr-MS16",26860.67185
"1070","Rstr-RM61",77402.73964
"1071","Rstr-RM71",94387.81172
"1072","Rstr-RM80_5",109982.4501
"1073","Rstr-RM88",120198.23155
"1074","Rstr-Rstr",5.60193182
"1075","Rstr-SacMouth",23332.14791
"1076","Rstr-Sacramento_Release",130953.79185
"1077","Rstr-Steamboat",35262.67677
"1078","Rstr-Sutter",33711.337235
"1079","Rstr-UpperMiner",24557.79991
"1080","Rstr-Yolo_Release",38385.904
"1081","SacMouth-Base_TD",15639.83136
"1082","SacMouth-BaseSteamboat",2956.398721
"1083","SacMouth-BC_joint",18416.9952783333
"1084","SacMouth-Chipps",32001.3175629167
"1085","SacMouth-Georgiana",18442.12333
"1086","SacMouth-I_80_1",48738.48191
"1087","SacMouth-KLB",113951.4663
"1088","SacMouth-Lisbon",37891.78137
"1089","SacMouth-Miner",9431.804731
"1090","SacMouth-MS01",112150.695475
"1091","SacMouth-MS02",109031.841425
"1092","SacMouth-MS03",107578.1375
"1093","SacMouth-MS04",106772.164925
"1094","SacMouth-MS05",105719.2376
"1095","SacMouth-MS06",102122.9805
"1096","SacMouth-MS07",98954.4378475
"1097","SacMouth-MS08",91527.7424733333
"1098","SacMouth-MS09",87763.70388
"1099","SacMouth-MS10",82055.776122
"1100","SacMouth-MS11",52898.94912
"1101","SacMouth-MS12",61487.1066833333
"1102","SacMouth-MS13",39575.28109
"1103","SacMouth-MS14",20066.864724
"1104","SacMouth-MS15",30570.29708
"1105","SacMouth-MS16",8470.562276
"1106","SacMouth-RM61",67115.37483
"1107","SacMouth-RM71",84100.446905
"1108","SacMouth-RM80_5",99695.08529
"1109","SacMouth-RM88",109910.8668
"1110","SacMouth-Rstr",23332.14791
"1111","SacMouth-SacMouth",0
"1112","SacMouth-Sacramento_Release",120666.4271
"1113","SacMouth-Steamboat",18345.66316
"1114","SacMouth-Sutter",23985.93287
"1115","SacMouth-UpperMiner",18187.54415
"1116","SacMouth-Yolo_Release",61718.05191
"1117","Sacramento_Release-Base_TD",123261.47535
"1118","Sacramento_Release-BaseSteamboat",117710.0283
"1119","Sacramento_Release-BC_joint",126330.102283333
"1120","Sacramento_Release-Chipps",149210.72645
"1121","Sacramento_Release-Georgiana",109433.3199
"1122","Sacramento_Release-I_80_1",156360.1259
"1123","Sacramento_Release-KLB",6714.9607695
"1124","Sacramento_Release-Lisbon",145513.4253
"1125","Sacramento_Release-Miner",115151.7314
"1126","Sacramento_Release-MS01",8515.731579
"1127","Sacramento_Release-MS02",11634.58564
"1128","Sacramento_Release-MS03",13088.2895566667
"1129","Sacramento_Release-MS04",13894.262155
"1130","Sacramento_Release-MS05",14947.1894875
"1131","Sacramento_Release-MS06",18543.4465366667
"1132","Sacramento_Release-MS07",21711.98922
"1133","Sacramento_Release-MS08",29138.6845933333
"1134","Sacramento_Release-MS09",32902.72318
"1135","Sacramento_Release-MS10",38610.650944
"1136","Sacramento_Release-MS11",160520.5931
"1137","Sacramento_Release-MS12",59179.32038
"1138","Sacramento_Release-MS13",81091.145976
"1139","Sacramento_Release-MS14",108338.200234
"1140","Sacramento_Release-MS15",119625.1196
"1141","Sacramento_Release-MS16",112195.8648
"1142","Sacramento_Release-RM61",53551.05224
"1143","Sacramento_Release-RM71",36565.98016
"1144","Sacramento_Release-RM80_5",20971.34177
"1145","Sacramento_Release-RM88",10755.560305
"1146","Sacramento_Release-Rstr",130953.79185
"1147","Sacramento_Release-SacMouth",120666.4271
"1148","Sacramento_Release-Sacramento_Release",0
"1149","Sacramento_Release-Steamboat",102320.7639
"1150","Sacramento_Release-Sutter",97242.45464
"1151","Sacramento_Release-UpperMiner",106395.992
"1152","Sacramento_Release-Yolo_Release",169339.6959
"1153","Steamboat-Base_TD",27570.36022
"1154","Steamboat-BaseSteamboat",15389.26444
"1155","Steamboat-BC_joint",30638.9871583333
"1156","Steamboat-Chipps",46889.9625454167
"1157","Steamboat-Georgiana",12609.89362
"1158","Steamboat-I_80_1",60669.01078
"1159","Steamboat-KLB",95605.803135
"1160","Steamboat-Lisbon",49822.31023
"1161","Steamboat-Miner",19460.61629
"1162","Steamboat-MS01",93805.032325
"1163","Steamboat-MS02",90686.17826
"1164","Steamboat-MS03",89232.4743433333
"1165","Steamboat-MS04",88426.5017475
"1166","Steamboat-MS05",87373.574415
"1167","Steamboat-MS06",83777.3173733333
"1168","Steamboat-MS07",80608.7746825
"1169","Steamboat-MS08",73182.0793133333
"1170","Steamboat-MS09",69418.04072
"1171","Steamboat-MS10",63710.112962
"1172","Steamboat-MS11",64829.47798
"1173","Steamboat-MS12",43141.4435233333
"1174","Steamboat-MS13",21229.617928
"1175","Steamboat-MS14",11459.554691
"1176","Steamboat-MS15",22801.69333
"1177","Steamboat-MS16",9875.100885
"1178","Steamboat-RM61",48769.71167
"1179","Steamboat-RM71",65754.783745
"1180","Steamboat-RM80_5",81349.42213
"1181","Steamboat-RM88",91565.2036
"1182","Steamboat-Rstr",35262.67677
"1183","Steamboat-SacMouth",18345.66316
"1184","Steamboat-Sacramento_Release",102320.7639
"1185","Steamboat-Steamboat",0
"1186","Steamboat-Sutter",5640.269706
"1187","Steamboat-UpperMiner",10704.87686
"1188","Steamboat-Yolo_Release",73648.58077
"1189","Sutter-Base_TD",26019.02068
"1190","Sutter-BaseSteamboat",21029.53415
"1191","Sutter-BC_joint",29087.64762
"1192","Sutter-Chipps",52530.2322541667
"1193","Sutter-Georgiana",12752.82574
"1194","Sutter-I_80_1",59117.67124
"1195","Sutter-KLB",90527.493875
"1196","Sutter-Lisbon",48270.9707
"1197","Sutter-Miner",17909.27675
"1198","Sutter-MS01",88726.723065
"1199","Sutter-MS02",85607.8690025
"1200","Sutter-MS03",84154.1650833333
"1201","Sutter-MS04",83348.1924875
"1202","Sutter-MS05",82295.265155
"1203","Sutter-MS06",78699.0081133333
"1204","Sutter-MS07",75530.4654275
"1205","Sutter-MS08",68103.7700533333
"1206","Sutter-MS09",64339.73146
"1207","Sutter-MS10",58631.803702
"1208","Sutter-MS11",63278.13844
"1209","Sutter-MS12",38063.1342633333
"1210","Sutter-MS13",16151.30867
"1211","Sutter-MS14",11545.31395614
"1212","Sutter-MS15",22944.62545
"1213","Sutter-MS16",15515.37059
"1214","Sutter-RM61",43691.40241
"1215","Sutter-RM71",60676.474485
"1216","Sutter-RM80_5",76271.11287
"1217","Sutter-RM88",86486.89434
"1218","Sutter-Rstr",33711.337235
"1219","Sutter-SacMouth",23985.93287
"1220","Sutter-Sacramento_Release",97242.45464
"1221","Sutter-Steamboat",5640.269706
"1222","Sutter-Sutter",0
"1223","Sutter-UpperMiner",9153.537328
"1224","Sutter-Yolo_Release",72097.24124
"1225","UpperMiner-Base_TD",16865.483355
"1226","UpperMiner-BaseSteamboat",16201.90454
"1227","UpperMiner-BC_joint",19934.1102933333
"1228","UpperMiner-Chipps",46731.8435429167
"1229","UpperMiner-Georgiana",21906.36307
"1230","UpperMiner-I_80_1",49964.13391
"1231","UpperMiner-KLB",99681.031205
"1232","UpperMiner-Lisbon",39117.43337
"1233","UpperMiner-Miner",8755.739424
"1234","UpperMiner-MS01",97880.260395
"1235","UpperMiner-MS02",94761.40633
"1236","UpperMiner-MS03",93307.7024133333
"1237","UpperMiner-MS04",92501.729815
"1238","UpperMiner-MS05",91448.802485
"1239","UpperMiner-MS06",87852.5454433333
"1240","UpperMiner-MS07",84684.0027525
"1241","UpperMiner-MS08",77257.3073833333
"1242","UpperMiner-MS09",73493.26879
"1243","UpperMiner-MS10",67785.34103
"1244","UpperMiner-MS11",54124.60111
"1245","UpperMiner-MS12",47216.6715933333
"1246","UpperMiner-MS13",25304.845996
"1247","UpperMiner-MS14",18045.7715868
"1248","UpperMiner-MS15",32098.16277
"1249","UpperMiner-MS16",11682.88306
"1250","UpperMiner-RM61",52844.93973
"1251","UpperMiner-RM71",69830.01181
"1252","UpperMiner-RM80_5",85424.6502
"1253","UpperMiner-RM88",95640.43167
"1254","UpperMiner-Rstr",24557.79991
"1255","UpperMiner-SacMouth",18187.54415
"1256","UpperMiner-Sacramento_Release",106395.992
"1257","UpperMiner-Steamboat",10704.87686
"1258","UpperMiner-Sutter",9153.537328
"1259","UpperMiner-UpperMiner",0
"1260","UpperMiner-Yolo_Release",62943.70391
"1261","Yolo_Release-Base_TD",52706.70799
"1262","Yolo_Release-BaseSteamboat",59732.41229
"1263","Yolo_Release-BC_joint",53187.823095
"1264","Yolo_Release-Chipps",90262.3512954167
"1265","Yolo_Release-Georgiana",80160.17524
"1266","Yolo_Release-I_80_1",12979.56999
"1267","Yolo_Release-KLB",162624.7351
"1268","Yolo_Release-Lisbon",23826.27054
"1269","Yolo_Release-Miner",54187.96448
"1270","Yolo_Release-MS01",160823.964275
"1271","Yolo_Release-MS02",157705.11025
"1272","Yolo_Release-MS03",156251.4063
"1273","Yolo_Release-MS04",155445.433725
"1274","Yolo_Release-MS05",154392.5064
"1275","Yolo_Release-MS06",150796.249366667
"1276","Yolo_Release-MS07",147627.70665
"1277","Yolo_Release-MS08",140201.011266667
"1278","Yolo_Release-MS09",136436.9727
"1279","Yolo_Release-MS10",130729.04494
"1280","Yolo_Release-MS11",8819.102792
"1281","Yolo_Release-MS12",110160.3755
"1282","Yolo_Release-MS13",88248.549904
"1283","Yolo_Release-MS14",78019.28553
"1284","Yolo_Release-MS15",92288.34899
"1285","Yolo_Release-MS16",65246.57585
"1286","Yolo_Release-RM61",115788.6436
"1287","Yolo_Release-RM71",132773.71575
"1288","Yolo_Release-RM80_5",148368.3541
"1289","Yolo_Release-RM88",158584.1356
"1290","Yolo_Release-Rstr",38385.904
"1291","Yolo_Release-SacMouth",61718.05191
"1292","Yolo_Release-Sacramento_Release",169339.6959
"1293","Yolo_Release-Steamboat",73648.58077
"1294","Yolo_Release-Sutter",72097.24124
"1295","Yolo_Release-UpperMiner",62943.70391
"1296","Yolo_Release-Yolo_Release",0
