"FishID","2008-12-13","2008-12-14","2008-12-15","2008-12-16","2008-12-17","2008-12-18","2008-12-19","2008-12-20","2008-12-21","2008-12-22","2008-12-23","2008-12-24","2008-12-25","2008-12-26","2008-12-27","2008-12-28","2008-12-29","2008-12-30","2008-12-31","2009-01-01","2009-01-02","2009-01-03","2009-01-04","2009-01-05","2009-01-06","2009-01-07","2009-01-08","2009-01-09","2009-01-10","2009-01-11","2009-01-12","2009-01-13","2009-01-14","2009-01-15","2009-01-16","2009-01-17","2009-01-18","2009-01-19","2009-01-20","2009-01-21","2009-01-22","2009-01-23","2009-01-24","2009-01-25","2009-01-26","2009-01-27","2009-01-28","2009-01-29","2009-01-30","2009-01-31","2009-02-01","2009-02-02","2009-02-03","2009-02-04","2009-02-05","2009-02-06","2009-02-07","2009-02-08","2009-02-09","2009-02-10","2009-02-11","2009-02-12","2009-02-13","2009-02-14","2009-02-15","2009-02-16","2009-02-17","2009-02-18","2009-02-19","2009-02-20","2009-02-21","2009-02-22","2009-02-23","2009-02-24","2009-02-25","2009-02-26","2009-02-27","2009-02-28","2009-03-01","2009-03-02","2009-03-03","2009-03-04","2009-03-05","2009-03-06","2009-03-07","2009-03-08","2009-03-09","2009-03-10","2009-03-11","2009-03-12","2009-03-13","2009-03-14","2009-03-15","2009-03-16","2009-03-17","2009-03-18","2009-03-19"
"LFC1495",14043.37,48040.54,34275.43,42290.19,31434.87,61053.54,64469.07,37684.91,23184,19150.31,27065.14,2084.705,2084.705,3773.46333333333,3773.46333333333,3773.46333333333,15284.94,11240.714,11240.714,11240.714,11240.714,11240.714,NA,NA,NA,NA,NA,NA,NA,NA,NA,NA,NA,NA,NA,NA,NA,NA,NA,NA,NA,NA,NA,NA,NA,NA,NA,NA,NA,NA,NA,NA,NA,NA,NA,NA,NA,NA,NA,NA,NA,NA,NA,NA,NA,NA,NA,NA,NA,NA,NA,NA,NA,NA,NA,NA,NA,NA,NA,NA,NA,NA,NA,NA,NA,NA,NA,NA,NA,NA,NA,NA,NA,NA,NA,NA,NA
"LFC1497",14043.37,11278.73,18068.09,32115.5,30457.88,50080.93,14039.9,39671.14,21382.4,57903.78,26658.24,30260.37,22429.69,19150.31,23932.35,5903.36,3753.325,3753.325,9970.69,23050.06,8211.71,27377.23,12092.29,23687.445,23687.445,421.663333333333,421.663333333333,421.663333333333,421.663333333333,421.663333333333,421.663333333333,421.663333333333,421.663333333333,421.663333333333,421.663333333333,421.663333333333,421.663333333333,421.663333333333,421.663333333333,421.663333333333,421.663333333333,421.663333333333,421.663333333333,421.663333333333,421.663333333333,421.663333333333,421.663333333333,421.663333333333,421.663333333333,421.663333333333,421.663333333333,421.663333333333,421.663333333333,421.663333333333,421.663333333333,421.663333333333,421.663333333333,421.663333333333,421.663333333333,421.663333333333,421.663333333333,421.663333333333,421.663333333333,421.663333333333,421.663333333333,421.663333333333,421.663333333333,421.663333333333,421.663333333333,421.663333333333,5548.4675,5548.4675,5548.4675,5548.4675,1609.51,NA,NA,NA,NA,NA,NA,NA,NA,NA,NA,NA,NA,NA,NA,NA,NA,NA,NA,NA,NA,NA,NA
"LFC1498",14043.37,11278.73,18068.09,50458.59,12114.79,23039.5,9646.47,31434.87,20351.18,20351.18,20351.18,62012.8,37684.91,23184,29247.69,19156.91,7309.3,5784.86666666667,5784.86666666667,5784.86666666667,10978.6166666667,10978.6166666667,10978.6166666667,NA,NA,NA,NA,NA,NA,NA,NA,NA,NA,NA,NA,NA,NA,NA,NA,NA,NA,NA,NA,NA,NA,NA,NA,NA,NA,NA,NA,NA,NA,NA,NA,NA,NA,NA,NA,NA,NA,NA,NA,NA,NA,NA,NA,NA,NA,NA,NA,NA,NA,NA,NA,NA,NA,NA,NA,NA,NA,NA,NA,NA,NA,NA,NA,NA,NA,NA,NA,NA,NA,NA,NA,NA,NA
"LFC1500",14043.37,29346.82,10705.1666666667,10705.1666666667,10705.1666666667,18343.09,1255.28,1255.28,4802.115,4802.115,16693.6433333333,16693.6433333333,16693.6433333333,37546.72,37546.72,62012.8,20092.96,40775.96,19150.31,10097.38,19156.91,7309.3,2479.22857142857,2479.22857142857,2479.22857142857,2479.22857142857,2479.22857142857,2479.22857142857,2479.22857142857,17377.02,4344.255,4344.255,15284.94,18974.85,NA,NA,NA,NA,NA,NA,NA,NA,NA,NA,NA,NA,NA,NA,NA,NA,NA,NA,NA,NA,NA,NA,NA,NA,NA,NA,NA,NA,NA,NA,NA,NA,NA,NA,NA,NA,NA,NA,NA,NA,NA,NA,NA,NA,NA,NA,NA,NA,NA,NA,NA,NA,NA,NA,NA,NA,NA,NA,NA,NA,NA,NA,NA
"LFC1502",14043.37,48040.54,34275.43,32643.73,9646.47,17394.96,14039.9,19835.57,19835.57,21382.4,65697.2,20092.96,30260.37,10515.59,34287.56,18386.76,18483.835,18483.835,18734.5233333333,18734.5233333333,18734.5233333333,NA,NA,NA,NA,NA,NA,NA,NA,NA,NA,NA,NA,NA,NA,NA,NA,NA,NA,NA,NA,NA,NA,NA,NA,NA,NA,NA,NA,NA,NA,NA,NA,NA,NA,NA,NA,NA,NA,NA,NA,NA,NA,NA,NA,NA,NA,NA,NA,NA,NA,NA,NA,NA,NA,NA,NA,NA,NA,NA,NA,NA,NA,NA,NA,NA,NA,NA,NA,NA,NA,NA,NA,NA,NA,NA,NA
"LFC1506",6036.35,37353.84,32115.5,30457.88,5759.875,5759.875,5759.875,5759.875,3215.49,3215.49,3215.49,15717.435,15717.435,61053.54,82105.76,37034.05,20110.31,16610.6,17494.33,9326.05,8211.71,18739.405,18739.405,4828.53,11873.07,11873.07,11873.07,NA,NA,NA,NA,NA,NA,NA,NA,NA,NA,NA,NA,NA,NA,NA,NA,NA,NA,NA,NA,NA,NA,NA,NA,NA,NA,NA,NA,NA,NA,NA,NA,NA,NA,NA,NA,NA,NA,NA,NA,NA,NA,NA,NA,NA,NA,NA,NA,NA,NA,NA,NA,NA,NA,NA,NA,NA,NA,NA,NA,NA,NA,NA,NA,NA,NA,NA,NA,NA,NA
"LFC1508",14200.06,48040.54,13421.78,30457.88,7124.53666666667,7124.53666666667,7124.53666666667,7124.53666666667,7124.53666666667,7124.53666666667,7124.53666666667,7124.53666666667,7124.53666666667,54833.405,54833.405,74268.44,26062.59,17384.95,16900.22,16900.22,8211.71,13554.99,10355.71,10355.71,10355.71,37949.69,5376.65428571429,5376.65428571429,5376.65428571429,5376.65428571429,5376.65428571429,5376.65428571429,5376.65428571429,407.85,NA,NA,NA,NA,NA,NA,NA,NA,NA,NA,NA,NA,NA,NA,NA,NA,NA,NA,NA,NA,NA,NA,NA,NA,NA,NA,NA,NA,NA,NA,NA,NA,NA,NA,NA,NA,NA,NA,NA,NA,NA,NA,NA,NA,NA,NA,NA,NA,NA,NA,NA,NA,NA,NA,NA,NA,NA,NA,NA,NA,NA,NA,NA
"LFC1511",14043.37,39008.47,22453.85,30457.88,32685.96,31434.87,6611.85666666667,6611.85666666667,6611.85666666667,6611.85666666667,6611.85666666667,6611.85666666667,50303.74,33091.46,50353.33,38010.76,1752.52,29792.68,7309.3,3620.52,3620.52,2476.614,2476.614,2476.614,2476.614,2476.614,6963.025,6963.025,6057.7775,6057.7775,6057.7775,6057.7775,10421.78,10421.78,36276.86,20584.36,17809.605,17809.605,NA,NA,NA,NA,NA,NA,NA,NA,NA,NA,NA,NA,NA,NA,NA,NA,NA,NA,NA,NA,NA,NA,NA,NA,NA,NA,NA,NA,NA,NA,NA,NA,NA,NA,NA,NA,NA,NA,NA,NA,NA,NA,NA,NA,NA,NA,NA,NA,NA,NA,NA,NA,NA,NA,NA,NA,NA,NA,NA
"LFC1520",14043.37,55823.97,26492,9604.23,32685.96,31434.87,39671.14,21382.4,62012.8,18842.455,18842.455,23184,27495.17,18720.28,2084.705,2084.705,11320.39,15284.94,NA,NA,NA,NA,NA,NA,NA,NA,NA,NA,NA,NA,NA,NA,NA,NA,NA,NA,NA,NA,NA,NA,NA,NA,NA,NA,NA,NA,NA,NA,NA,NA,NA,NA,NA,NA,NA,NA,NA,NA,NA,NA,NA,NA,NA,NA,NA,NA,NA,NA,NA,NA,NA,NA,NA,NA,NA,NA,NA,NA,NA,NA,NA,NA,NA,NA,NA,NA,NA,NA,NA,NA,NA,NA,NA,NA,NA,NA,NA
"LFC1524",14043.37,39008.47,43307.5,9604.23,8171.49,8171.49,8171.49,8171.49,31434.87,61053.54,49841.41,33492.48,30260.37,10515.59,31998.1,21495.44,1220.75625,1220.75625,1220.75625,1220.75625,1220.75625,1220.75625,1220.75625,1220.75625,1220.75625,1220.75625,1220.75625,1220.75625,1220.75625,1220.75625,1220.75625,1220.75625,870.799230769231,870.799230769231,870.799230769231,870.799230769231,870.799230769231,870.799230769231,870.799230769231,870.799230769231,870.799230769231,870.799230769231,870.799230769231,870.799230769231,870.799230769231,7642.47,7642.47,6324.95,6324.95,6324.95,914.391818181818,914.391818181818,914.391818181818,914.391818181818,914.391818181818,914.391818181818,914.391818181818,914.391818181818,914.391818181818,914.391818181818,914.391818181818,914.391818181818,914.391818181818,914.391818181818,914.391818181818,914.391818181818,914.391818181818,914.391818181818,914.391818181818,914.391818181818,914.391818181818,914.391818181818,5431.5325,5431.5325,5431.5325,5431.5325,NA,NA,NA,NA,NA,NA,NA,NA,NA,NA,NA,NA,NA,NA,NA,NA,NA,NA,NA,NA,NA
"LFC1531",3064.57,32685.96,31434.87,23053.14,12666.8,12666.8,12666.8,47161.29,16079.65,37684.91,23184,19150.31,18135.23,1580.94,9193.38,9193.38,11320.39,27377.23,12092.29,5548.4675,5548.4675,5548.4675,5548.4675,3219.02,1609.51,11873.07,11873.07,11873.07,NA,NA,NA,NA,NA,NA,NA,NA,NA,NA,NA,NA,NA,NA,NA,NA,NA,NA,NA,NA,NA,NA,NA,NA,NA,NA,NA,NA,NA,NA,NA,NA,NA,NA,NA,NA,NA,NA,NA,NA,NA,NA,NA,NA,NA,NA,NA,NA,NA,NA,NA,NA,NA,NA,NA,NA,NA,NA,NA,NA,NA,NA,NA,NA,NA,NA,NA,NA,NA
"LFC1539",3064.57,11519.75,11519.75,27041.43,14039.9,23053.14,83720.91,16292.29,10046.48,10046.48,35521.63,5254.33,13031.295,13031.295,10522.94,12605.72,20843.56,12092.29,NA,NA,NA,NA,NA,NA,NA,NA,NA,NA,NA,NA,NA,NA,NA,NA,NA,NA,NA,NA,NA,NA,NA,NA,NA,NA,NA,NA,NA,NA,NA,NA,NA,NA,NA,NA,NA,NA,NA,NA,NA,NA,NA,NA,NA,NA,NA,NA,NA,NA,NA,NA,NA,NA,NA,NA,NA,NA,NA,NA,NA,NA,NA,NA,NA,NA,NA,NA,NA,NA,NA,NA,NA,NA,NA,NA,NA,NA,NA
"LFC1545",NA,3064.57,23039.5,1071.83,1071.83,1071.83,1071.83,1071.83,1071.83,1071.83,1071.83,1071.83,31434.87,61053.54,47999.21,51698.51,26023.61,29247.69,14896.34,14896.34,3326.47,30025.94,4633.98,4633.98,3424.71,9340.415,9340.415,8688.51,5094.98,5094.98,5094.98,18974.85,1609.51,1609.51,9307.1825,9307.1825,9307.1825,9307.1825,NA,NA,NA,NA,NA,NA,NA,NA,NA,NA,NA,NA,NA,NA,NA,NA,NA,NA,NA,NA,NA,NA,NA,NA,NA,NA,NA,NA,NA,NA,NA,NA,NA,NA,NA,NA,NA,NA,NA,NA,NA,NA,NA,NA,NA,NA,NA,NA,NA,NA,NA,NA,NA,NA,NA,NA,NA,NA,NA
"LFC1550",3064.57,32685.96,31434.87,61053.54,55447.52,6565.28,4018.592,4018.592,4018.592,4018.592,4018.592,8795.98,8795.98,23184,31998.1,14217.35,15489.8,34259.79,1609.51,NA,NA,NA,NA,NA,NA,NA,NA,NA,NA,NA,NA,NA,NA,NA,NA,NA,NA,NA,NA,NA,NA,NA,NA,NA,NA,NA,NA,NA,NA,NA,NA,NA,NA,NA,NA,NA,NA,NA,NA,NA,NA,NA,NA,NA,NA,NA,NA,NA,NA,NA,NA,NA,NA,NA,NA,NA,NA,NA,NA,NA,NA,NA,NA,NA,NA,NA,NA,NA,NA,NA,NA,NA,NA,NA,NA,NA,NA
"LFC1552",3064.57,23039.5,41081.33,39671.14,21382.4,55447.52,26658.24,17591.96,3307.912,3307.912,3307.912,3307.912,3307.912,21347.56,14544.57,19156.91,3326.47,6164.326,6164.326,6164.326,6164.326,6164.326,12092.29,22193.87,9307.1825,9307.1825,9307.1825,9307.1825,NA,NA,NA,NA,NA,NA,NA,NA,NA,NA,NA,NA,NA,NA,NA,NA,NA,NA,NA,NA,NA,NA,NA,NA,NA,NA,NA,NA,NA,NA,NA,NA,NA,NA,NA,NA,NA,NA,NA,NA,NA,NA,NA,NA,NA,NA,NA,NA,NA,NA,NA,NA,NA,NA,NA,NA,NA,NA,NA,NA,NA,NA,NA,NA,NA,NA,NA,NA,NA
"LFC1556",3064.57,23039.5,41081.33,39671.14,50303.74,35547.72,37684.91,22466.92,2322.11,16122.92,17294.98,18386.76,6217.37,26605.34,23803.38,NA,NA,NA,NA,NA,NA,NA,NA,NA,NA,NA,NA,NA,NA,NA,NA,NA,NA,NA,NA,NA,NA,NA,NA,NA,NA,NA,NA,NA,NA,NA,NA,NA,NA,NA,NA,NA,NA,NA,NA,NA,NA,NA,NA,NA,NA,NA,NA,NA,NA,NA,NA,NA,NA,NA,NA,NA,NA,NA,NA,NA,NA,NA,NA,NA,NA,NA,NA,NA,NA,NA,NA,NA,NA,NA,NA,NA,NA,NA,NA,NA,NA
"LFC1559",3064.57,5759.875,5759.875,5759.875,5759.875,2411.6175,2411.6175,2411.6175,2411.6175,10478.29,10478.29,10478.29,39671.14,69995.67,37134.22,37134.22,31998.1,14217.35,2084.705,2084.705,6651.335,6651.335,6651.335,6651.335,18974.85,804.755,804.755,804.755,804.755,37228.73,NA,NA,NA,NA,NA,NA,NA,NA,NA,NA,NA,NA,NA,NA,NA,NA,NA,NA,NA,NA,NA,NA,NA,NA,NA,NA,NA,NA,NA,NA,NA,NA,NA,NA,NA,NA,NA,NA,NA,NA,NA,NA,NA,NA,NA,NA,NA,NA,NA,NA,NA,NA,NA,NA,NA,NA,NA,NA,NA,NA,NA,NA,NA,NA,NA,NA,NA
"LFC1563",3064.57,7679.83333333333,7679.83333333333,7679.83333333333,2411.6175,2411.6175,2411.6175,2411.6175,17394.96,14039.9,20351.18,20351.18,20351.18,55447.52,63692.29,28966.35,7754.56,15030.29,9970.69,11320.39,1910.6175,1910.6175,1910.6175,1910.6175,1910.6175,1910.6175,1910.6175,1910.6175,7642.47,7642.47,13554.99,6046.145,6046.145,7642.47,7642.47,3056.988,3056.988,3056.988,3056.988,3056.988,11240.714,11240.714,11240.714,11240.714,11240.714,6473.04,6473.04,6473.04,6473.04,6473.04,6473.04,NA,NA,NA,NA,NA,NA,NA,NA,NA,NA,NA,NA,NA,NA,NA,NA,NA,NA,NA,NA,NA,NA,NA,NA,NA,NA,NA,NA,NA,NA,NA,NA,NA,NA,NA,NA,NA,NA,NA,NA,NA,NA,NA,NA,NA,NA
"LFC1566",3064.57,16342.98,16342.98,31434.87,39671.14,21382.4,56675.65,25101.26,19148.94,12668.41,10515.59,19150.31,13044.1,17575.55,2770.58,1876.66,1876.66,6217.37,11320.39,611.3976,611.3976,611.3976,611.3976,611.3976,611.3976,611.3976,611.3976,611.3976,611.3976,611.3976,611.3976,611.3976,611.3976,611.3976,611.3976,611.3976,611.3976,611.3976,611.3976,611.3976,611.3976,611.3976,611.3976,611.3976,NA,NA,NA,NA,NA,NA,NA,NA,NA,NA,NA,NA,NA,NA,NA,NA,NA,NA,NA,NA,NA,NA,NA,NA,NA,NA,NA,NA,NA,NA,NA,NA,NA,NA,NA,NA,NA,NA,NA,NA,NA,NA,NA,NA,NA,NA,NA,NA,NA,NA,NA,NA,NA
"LFC1567",3064.57,23039.5,1378.06714285714,1378.06714285714,1378.06714285714,1378.06714285714,1378.06714285714,1378.06714285714,1378.06714285714,10478.29,10478.29,10478.29,23053.14,66921.74,70776.37,46405.94,15928.04,26466.21,7574.46,7574.46,7871.785,7871.785,12092.29,18974.85,18614.365,18614.365,NA,NA,NA,NA,NA,NA,NA,NA,NA,NA,NA,NA,NA,NA,NA,NA,NA,NA,NA,NA,NA,NA,NA,NA,NA,NA,NA,NA,NA,NA,NA,NA,NA,NA,NA,NA,NA,NA,NA,NA,NA,NA,NA,NA,NA,NA,NA,NA,NA,NA,NA,NA,NA,NA,NA,NA,NA,NA,NA,NA,NA,NA,NA,NA,NA,NA,NA,NA,NA,NA,NA
"LFC1568",3064.57,11519.75,11519.75,27041.43,14039.9,44987.44,44987.44,33091.46,37684.91,23184,19150.31,11480.85,19156.91,7309.3,6164.326,6164.326,6164.326,6164.326,6164.326,6046.145,6046.145,28101.785,28101.785,NA,NA,NA,NA,NA,NA,NA,NA,NA,NA,NA,NA,NA,NA,NA,NA,NA,NA,NA,NA,NA,NA,NA,NA,NA,NA,NA,NA,NA,NA,NA,NA,NA,NA,NA,NA,NA,NA,NA,NA,NA,NA,NA,NA,NA,NA,NA,NA,NA,NA,NA,NA,NA,NA,NA,NA,NA,NA,NA,NA,NA,NA,NA,NA,NA,NA,NA,NA,NA,NA,NA,NA,NA,NA
"LFC1569",3064.57,23039.5,41081.33,39671.14,68543.69,36172.6,40775.96,31998.1,14217.35,90.6393478260869,90.6393478260869,90.6393478260869,90.6393478260869,90.6393478260869,90.6393478260869,90.6393478260869,90.6393478260869,90.6393478260869,90.6393478260869,90.6393478260869,90.6393478260869,90.6393478260869,90.6393478260869,90.6393478260869,90.6393478260869,90.6393478260869,90.6393478260869,90.6393478260869,90.6393478260869,90.6393478260869,90.6393478260869,90.6393478260869,90.6393478260869,90.6393478260869,90.6393478260869,90.6393478260869,90.6393478260869,90.6393478260869,90.6393478260869,90.6393478260869,90.6393478260869,90.6393478260869,90.6393478260869,90.6393478260869,90.6393478260869,90.6393478260869,90.6393478260869,90.6393478260869,90.6393478260869,90.6393478260869,90.6393478260869,90.6393478260869,90.6393478260869,90.6393478260869,90.6393478260869,11320.39,15284.94,18734.5233333333,18734.5233333333,18734.5233333333,NA,NA,NA,NA,NA,NA,NA,NA,NA,NA,NA,NA,NA,NA,NA,NA,NA,NA,NA,NA,NA,NA,NA,NA,NA,NA,NA,NA,NA,NA,NA,NA,NA,NA,NA,NA,NA
"LFC1570",3064.57,10895.32,10895.32,10895.32,17394.96,7019.95,7019.95,15263.385,15263.385,15263.385,15263.385,62012.8,37684.91,39552.4,16610.6,22597.36,3821.235,3821.235,3821.235,3821.235,18974.85,9487.425,9487.425,NA,NA,NA,NA,NA,NA,NA,NA,NA,NA,NA,NA,NA,NA,NA,NA,NA,NA,NA,NA,NA,NA,NA,NA,NA,NA,NA,NA,NA,NA,NA,NA,NA,NA,NA,NA,NA,NA,NA,NA,NA,NA,NA,NA,NA,NA,NA,NA,NA,NA,NA,NA,NA,NA,NA,NA,NA,NA,NA,NA,NA,NA,NA,NA,NA,NA,NA,NA,NA,NA,NA,NA,NA,NA
"LFC1571",3064.57,32685.96,17394.96,2339.98333333333,2339.98333333333,2339.98333333333,2339.98333333333,2339.98333333333,2339.98333333333,39671.14,21382.4,62012.8,50353.33,25218.71,21882.41,15073.72,15284.94,20584.36,11873.07,11873.07,11873.07,NA,NA,NA,NA,NA,NA,NA,NA,NA,NA,NA,NA,NA,NA,NA,NA,NA,NA,NA,NA,NA,NA,NA,NA,NA,NA,NA,NA,NA,NA,NA,NA,NA,NA,NA,NA,NA,NA,NA,NA,NA,NA,NA,NA,NA,NA,NA,NA,NA,NA,NA,NA,NA,NA,NA,NA,NA,NA,NA,NA,NA,NA,NA,NA,NA,NA,NA,NA,NA,NA,NA,NA,NA,NA,NA,NA
"LFC1573",3064.57,23039.5,41081.33,39671.14,21382.4,81662.93,20092.96,17591.96,3864,3864,3864,3864,3864,3864,32979,11276.97,16832.7,21766.7,12092.29,18974.85,3219.02,18614.365,18614.365,NA,NA,NA,NA,NA,NA,NA,NA,NA,NA,NA,NA,NA,NA,NA,NA,NA,NA,NA,NA,NA,NA,NA,NA,NA,NA,NA,NA,NA,NA,NA,NA,NA,NA,NA,NA,NA,NA,NA,NA,NA,NA,NA,NA,NA,NA,NA,NA,NA,NA,NA,NA,NA,NA,NA,NA,NA,NA,NA,NA,NA,NA,NA,NA,NA,NA,NA,NA,NA,NA,NA,NA,NA,NA
"LFC1574",3064.57,23039.5,9646.47,3478.992,3478.992,3478.992,3478.992,3478.992,37093.05,66921.74,54412.55,35521.63,5254.33,32979,11298.68,11298.68,5094.98,5094.98,5094.98,18974.85,1609.51,1609.51,402.3775,402.3775,402.3775,402.3775,35619.21,NA,NA,NA,NA,NA,NA,NA,NA,NA,NA,NA,NA,NA,NA,NA,NA,NA,NA,NA,NA,NA,NA,NA,NA,NA,NA,NA,NA,NA,NA,NA,NA,NA,NA,NA,NA,NA,NA,NA,NA,NA,NA,NA,NA,NA,NA,NA,NA,NA,NA,NA,NA,NA,NA,NA,NA,NA,NA,NA,NA,NA,NA,NA,NA,NA,NA,NA,NA,NA,NA
"LFC1582",814.51,14039.9,15263.385,15263.385,15263.385,15263.385,28921.34,35547.72,20092.96,30260.37,13540.42,19150.31,12847.79,14217.35,4169.41,13724.02,3108.68,8211.71,7642.47,7642.47,NA,NA,NA,NA,NA,NA,NA,NA,NA,NA,NA,NA,NA,NA,NA,NA,NA,NA,NA,NA,NA,NA,NA,NA,NA,NA,NA,NA,NA,NA,NA,NA,NA,NA,NA,NA,NA,NA,NA,NA,NA,NA,NA,NA,NA,NA,NA,NA,NA,NA,NA,NA,NA,NA,NA,NA,NA,NA,NA,NA,NA,NA,NA,NA,NA,NA,NA,NA,NA,NA,NA,NA,NA,NA,NA,NA,NA
"LFC1585",814.51,14039.9,7684.38,7684.38,7684.38,38000.4,28921.34,26526.17,6565.28,18535.97,1556.98,2513.13714285714,2513.13714285714,2513.13714285714,2513.13714285714,2513.13714285714,2513.13714285714,2513.13714285714,23184,30417.15,12665.51,13519.56,6217.37,11320.39,15284.94,9487.425,9487.425,1609.51,3219.02,NA,NA,NA,NA,NA,NA,NA,NA,NA,NA,NA,NA,NA,NA,NA,NA,NA,NA,NA,NA,NA,NA,NA,NA,NA,NA,NA,NA,NA,NA,NA,NA,NA,NA,NA,NA,NA,NA,NA,NA,NA,NA,NA,NA,NA,NA,NA,NA,NA,NA,NA,NA,NA,NA,NA,NA,NA,NA,NA,NA,NA,NA,NA,NA,NA,NA,NA,NA
"LFC1588",814.51,37093.05,66921.74,53184.41,17591.96,23184,14703.12,17294.98,14217.35,15489.8,15284.94,2108.31666666667,2108.31666666667,2108.31666666667,2108.31666666667,2108.31666666667,2108.31666666667,2108.31666666667,2108.31666666667,2108.31666666667,1609.51,438.957272727273,438.957272727273,438.957272727273,438.957272727273,438.957272727273,438.957272727273,438.957272727273,438.957272727273,438.957272727273,438.957272727273,438.957272727273,2414.265,2414.265,3219.02,1609.51,1609.51,153.286666666667,153.286666666667,153.286666666667,153.286666666667,153.286666666667,153.286666666667,153.286666666667,153.286666666667,153.286666666667,153.286666666667,153.286666666667,153.286666666667,153.286666666667,153.286666666667,153.286666666667,153.286666666667,153.286666666667,153.286666666667,153.286666666667,153.286666666667,153.286666666667,804.755,804.755,804.755,804.755,804.755,804.755,3219.02,804.755,804.755,1609.51,4828.53,2414.265,2414.265,NA,NA,NA,NA,NA,NA,NA,NA,NA,NA,NA,NA,NA,NA,NA,NA,NA,NA,NA,NA,NA,NA,NA,NA,NA,NA
"LFC1594",814.51,37093.05,38000.4,28921.34,26526.17,5652.71545454546,5652.71545454546,5652.71545454546,5652.71545454546,5652.71545454546,5652.71545454546,5652.71545454546,5652.71545454546,5652.71545454546,5652.71545454546,5652.71545454546,19957.44,14544.57,12148.5433333333,12148.5433333333,12148.5433333333,3326.47,1448.208,1448.208,1448.208,1448.208,1448.208,7125.19833333333,7125.19833333333,7125.19833333333,7125.19833333333,7125.19833333333,7125.19833333333,18974.85,9307.1825,9307.1825,9307.1825,9307.1825,NA,NA,NA,NA,NA,NA,NA,NA,NA,NA,NA,NA,NA,NA,NA,NA,NA,NA,NA,NA,NA,NA,NA,NA,NA,NA,NA,NA,NA,NA,NA,NA,NA,NA,NA,NA,NA,NA,NA,NA,NA,NA,NA,NA,NA,NA,NA,NA,NA,NA,NA,NA,NA,NA,NA,NA,NA,NA,NA
"LFC1606",814.51,14039.9,3305.92833333333,3305.92833333333,3305.92833333333,3305.92833333333,3305.92833333333,3305.92833333333,3305.92833333333,3305.92833333333,3305.92833333333,3305.92833333333,3305.92833333333,3305.92833333333,83395.2,59449.11,1419.8,16368.4,16610.6,7627.565,7627.565,14429.08,15284.94,22193.87,12409.5766666667,12409.5766666667,12409.5766666667,NA,NA,NA,NA,NA,NA,NA,NA,NA,NA,NA,NA,NA,NA,NA,NA,NA,NA,NA,NA,NA,NA,NA,NA,NA,NA,NA,NA,NA,NA,NA,NA,NA,NA,NA,NA,NA,NA,NA,NA,NA,NA,NA,NA,NA,NA,NA,NA,NA,NA,NA,NA,NA,NA,NA,NA,NA,NA,NA,NA,NA,NA,NA,NA,NA,NA,NA,NA,NA,NA
"LFC1607",NA,814.51,4475.92,4475.92,4475.92,4475.92,4475.92,4475.92,4475.92,4475.92,4475.92,4475.92,4475.92,4475.92,69995.67,33492.48,30260.37,10515.59,25224.44,16147.68,3753.32,5660.195,5660.195,15284.94,9487.425,9487.425,9307.1825,9307.1825,9307.1825,9307.1825,NA,NA,NA,NA,NA,NA,NA,NA,NA,NA,NA,NA,NA,NA,NA,NA,NA,NA,NA,NA,NA,NA,NA,NA,NA,NA,NA,NA,NA,NA,NA,NA,NA,NA,NA,NA,NA,NA,NA,NA,NA,NA,NA,NA,NA,NA,NA,NA,NA,NA,NA,NA,NA,NA,NA,NA,NA,NA,NA,NA,NA,NA,NA,NA,NA,NA,NA
"LFC1608",814.51,14039.9,39671.14,21382.4,28921.34,19691.93,4466.51,4466.51,4466.51,18535.97,518.993333333333,518.993333333333,518.993333333333,17591.96,17929.68,5254.33,19150.31,31234.54,3108.68,3108.68,13724.02,9970.69,21291.08,27377.23,6046.145,6046.145,22193.87,1609.51,402.3775,402.3775,402.3775,402.3775,7445.746,7445.746,7445.746,7445.746,7445.746,NA,NA,NA,NA,NA,NA,NA,NA,NA,NA,NA,NA,NA,NA,NA,NA,NA,NA,NA,NA,NA,NA,NA,NA,NA,NA,NA,NA,NA,NA,NA,NA,NA,NA,NA,NA,NA,NA,NA,NA,NA,NA,NA,NA,NA,NA,NA,NA,NA,NA,NA,NA,NA,NA,NA,NA,NA,NA,NA,NA
"LFC1619",814.51,37093.05,38000.4,28921.34,35547.72,20092.96,2198.995,2198.995,2198.995,2198.995,2198.995,2198.995,2198.995,2198.995,11592,11592,21147.56,15437.98,9970.69,5660.195,5660.195,15284.94,18974.85,7445.746,7445.746,7445.746,7445.746,7445.746,NA,NA,NA,NA,NA,NA,NA,NA,NA,NA,NA,NA,NA,NA,NA,NA,NA,NA,NA,NA,NA,NA,NA,NA,NA,NA,NA,NA,NA,NA,NA,NA,NA,NA,NA,NA,NA,NA,NA,NA,NA,NA,NA,NA,NA,NA,NA,NA,NA,NA,NA,NA,NA,NA,NA,NA,NA,NA,NA,NA,NA,NA,NA,NA,NA,NA,NA,NA,NA
"LFC1620",814.51,14039.9,61053.54,28921.34,34319.59,20092.96,17591.96,12668.41,9095.79,1419.8,28639.9,3358.2,14217.35,7278.09,293.275357142857,293.275357142857,293.275357142857,293.275357142857,293.275357142857,293.275357142857,293.275357142857,293.275357142857,293.275357142857,293.275357142857,293.275357142857,293.275357142857,293.275357142857,293.275357142857,293.275357142857,293.275357142857,293.275357142857,293.275357142857,293.275357142857,293.275357142857,293.275357142857,293.275357142857,293.275357142857,293.275357142857,293.275357142857,293.275357142857,293.275357142857,293.275357142857,2547.49,2547.49,2547.49,2547.49,2547.49,2547.49,3056.988,3056.988,3056.988,3056.988,3056.988,15284.94,20584.36,4828.53,1128.14333333333,1128.14333333333,1128.14333333333,1128.14333333333,1128.14333333333,1128.14333333333,1128.14333333333,1128.14333333333,1128.14333333333,1128.14333333333,1128.14333333333,1128.14333333333,1128.14333333333,1128.14333333333,1128.14333333333,1128.14333333333,1128.14333333333,1128.14333333333,1128.14333333333,1128.14333333333,1128.14333333333,1128.14333333333,1128.14333333333,1128.14333333333,1128.14333333333,1128.14333333333,1128.14333333333,1128.14333333333,1128.14333333333,1128.14333333333,1128.14333333333,1128.14333333333,1128.14333333333,NA,NA,NA,NA,NA,NA,NA,NA
"LFC1622",814.51,37093.05,38000.4,47161.29,18535.91,20092.96,17591.96,12668.41,9095.79,1419.8,30417.15,15798.29,7303.455,7303.455,7303.455,7303.455,39469.52,20584.36,11873.07,11873.07,11873.07,NA,NA,NA,NA,NA,NA,NA,NA,NA,NA,NA,NA,NA,NA,NA,NA,NA,NA,NA,NA,NA,NA,NA,NA,NA,NA,NA,NA,NA,NA,NA,NA,NA,NA,NA,NA,NA,NA,NA,NA,NA,NA,NA,NA,NA,NA,NA,NA,NA,NA,NA,NA,NA,NA,NA,NA,NA,NA,NA,NA,NA,NA,NA,NA,NA,NA,NA,NA,NA,NA,NA,NA,NA,NA,NA,NA
"LFC1623",NA,14854.41,61053.54,48613.27,13399.53,37684.91,23184,16368.4,16610.6,11298.68,11298.68,17129.895,17129.895,NA,NA,NA,NA,NA,NA,NA,NA,NA,NA,NA,NA,NA,NA,NA,NA,NA,NA,NA,NA,NA,NA,NA,NA,NA,NA,NA,NA,NA,NA,NA,NA,NA,NA,NA,NA,NA,NA,NA,NA,NA,NA,NA,NA,NA,NA,NA,NA,NA,NA,NA,NA,NA,NA,NA,NA,NA,NA,NA,NA,NA,NA,NA,NA,NA,NA,NA,NA,NA,NA,NA,NA,NA,NA,NA,NA,NA,NA,NA,NA,NA,NA,NA,NA
"LFC1635",NA,NA,NA,NA,NA,NA,NA,NA,NA,NA,NA,NA,NA,NA,NA,NA,NA,NA,NA,NA,NA,NA,NA,NA,NA,NA,NA,NA,NA,814.51,14039.9,19835.57,19835.57,3593.12428571429,3593.12428571429,3593.12428571429,3593.12428571429,3593.12428571429,3593.12428571429,3593.12428571429,3593.12428571429,3593.12428571429,3593.12428571429,3593.12428571429,3593.12428571429,3593.12428571429,3593.12428571429,8399.585,8399.585,389.647777777778,389.647777777778,389.647777777778,389.647777777778,389.647777777778,389.647777777778,389.647777777778,389.647777777778,389.647777777778,1064.04428571429,1064.04428571429,1064.04428571429,1064.04428571429,1064.04428571429,1064.04428571429,1064.04428571429,6565.28,60868.92,21147.56,19191.3,2264.078,2264.078,2264.078,2264.078,2264.078,3821.235,3821.235,3821.235,3821.235,NA,NA,NA,NA,NA,NA,NA,NA,NA,NA,NA,NA,NA,NA,NA,NA,NA,NA,NA
"LFC1637",NA,NA,NA,NA,NA,NA,NA,NA,NA,NA,NA,NA,NA,NA,NA,NA,NA,NA,NA,NA,NA,NA,NA,NA,NA,NA,NA,NA,NA,814.51,37093.05,38000.4,48613.27,31935.5,19148.94,8269.78,8269.78,6644.44,16368.4,4428.02,4428.02,3877.28,3877.28,18941.15,18941.15,9487.425,9487.425,12409.5766666667,12409.5766666667,12409.5766666667,NA,NA,NA,NA,NA,NA,NA,NA,NA,NA,NA,NA,NA,NA,NA,NA,NA,NA,NA,NA,NA,NA,NA,NA,NA,NA,NA,NA,NA,NA,NA,NA,NA,NA,NA,NA,NA,NA,NA,NA,NA,NA,NA,NA,NA,NA,NA
"LFC1644",NA,NA,NA,NA,NA,NA,NA,NA,NA,NA,NA,NA,NA,NA,NA,NA,NA,NA,NA,NA,NA,NA,NA,NA,NA,NA,NA,NA,NA,814.51,14039.9,23053.14,1384.83333333333,1384.83333333333,1384.83333333333,1384.83333333333,1384.83333333333,1384.83333333333,1384.83333333333,1384.83333333333,1384.83333333333,1384.83333333333,1384.83333333333,1384.83333333333,76829.92,44250.2,42334.31,27262.88,5317.89,3326.47,117.141764705882,117.141764705882,117.141764705882,117.141764705882,117.141764705882,117.141764705882,117.141764705882,117.141764705882,117.141764705882,117.141764705882,117.141764705882,117.141764705882,117.141764705882,117.141764705882,117.141764705882,117.141764705882,117.141764705882,11970.84,8677.3,8677.3,8688.51,4518.33,4518.33,4518.33,12092.29,20584.36,NA,NA,NA,NA,NA,NA,NA,NA,NA,NA,NA,NA,NA,NA,NA,NA,NA,NA,NA,NA,NA
"LFC1651",NA,NA,NA,NA,NA,NA,NA,NA,NA,NA,NA,NA,NA,NA,NA,NA,NA,NA,NA,NA,NA,NA,NA,NA,NA,NA,NA,NA,NA,NA,14854.41,2561.46,2561.46,2561.46,2561.46,2561.46,2561.46,2561.46,2561.46,2561.46,7600.08,7600.08,7600.08,7600.08,7600.08,48613.27,69014.12,19957.44,15714.03,15798.29,1290.81666666667,1290.81666666667,1290.81666666667,1290.81666666667,1290.81666666667,1290.81666666667,1290.81666666667,1290.81666666667,1290.81666666667,1290.81666666667,1290.81666666667,1290.81666666667,12823.64,12823.64,6046.145,6046.145,15743.57,27835.86,20584.36,NA,NA,NA,NA,NA,NA,NA,NA,NA,NA,NA,NA,NA,NA,NA,NA,NA,NA,NA,NA,NA,NA,NA,NA,NA,NA,NA,NA
"LFC1660",NA,NA,NA,NA,NA,NA,NA,NA,NA,NA,NA,NA,NA,NA,NA,NA,NA,NA,NA,NA,NA,NA,NA,NA,NA,NA,NA,NA,NA,NA,14854.41,61053.54,63240.93,37684.91,23184,19150.31,16009.68,14217.35,7693.685,7693.685,7693.685,7693.685,3794.97,3794.97,3794.97,3794.97,3794.97,824.99347826087,824.99347826087,824.99347826087,824.99347826087,824.99347826087,824.99347826087,824.99347826087,824.99347826087,824.99347826087,824.99347826087,824.99347826087,824.99347826087,824.99347826087,824.99347826087,824.99347826087,824.99347826087,824.99347826087,824.99347826087,824.99347826087,824.99347826087,824.99347826087,824.99347826087,824.99347826087,6861.45333333333,6861.45333333333,6861.45333333333,3219.02,402.3775,402.3775,402.3775,402.3775,9487.425,9487.425,11096.935,11096.935,536.503333333333,536.503333333333,536.503333333333,NA,NA,NA,NA,NA,NA,NA,NA,NA,NA,NA,NA
"LFC1662",NA,NA,NA,NA,NA,NA,NA,NA,NA,NA,NA,NA,NA,NA,NA,NA,NA,NA,NA,NA,NA,NA,NA,NA,NA,NA,NA,NA,NA,814.51,37093.05,38000.4,28921.34,28982.44,25101.26,19148.94,12668.41,3871.15,12508.88,4901.04,4901.04,4901.04,21882.41,7536.86,7536.86,34259.79,18614.365,18614.365,NA,NA,NA,NA,NA,NA,NA,NA,NA,NA,NA,NA,NA,NA,NA,NA,NA,NA,NA,NA,NA,NA,NA,NA,NA,NA,NA,NA,NA,NA,NA,NA,NA,NA,NA,NA,NA,NA,NA,NA,NA,NA,NA,NA,NA,NA,NA,NA,NA
"LFC1663",NA,NA,NA,NA,NA,NA,NA,NA,NA,NA,NA,NA,NA,NA,NA,NA,NA,NA,NA,NA,NA,NA,NA,NA,NA,NA,NA,NA,NA,814.51,14039.9,5763.285,5763.285,5763.285,5763.285,8661.367,8661.367,8661.367,8661.367,8661.367,8661.367,8661.367,8661.367,8661.367,8661.367,51084.44,23184,32979,22597.36,15284.94,20584.36,11873.07,11873.07,11873.07,NA,NA,NA,NA,NA,NA,NA,NA,NA,NA,NA,NA,NA,NA,NA,NA,NA,NA,NA,NA,NA,NA,NA,NA,NA,NA,NA,NA,NA,NA,NA,NA,NA,NA,NA,NA,NA,NA,NA,NA,NA,NA,NA
"LFC1667",NA,NA,NA,NA,NA,NA,NA,NA,NA,NA,NA,NA,NA,NA,NA,NA,NA,NA,NA,NA,NA,NA,NA,NA,NA,NA,NA,NA,NA,814.51,14039.9,61053.54,27723.76,27723.76,6565.28,37684.91,23184,31998.1,18386.76,11320.39,7642.47,7642.47,9487.425,9487.425,12409.5766666667,12409.5766666667,12409.5766666667,NA,NA,NA,NA,NA,NA,NA,NA,NA,NA,NA,NA,NA,NA,NA,NA,NA,NA,NA,NA,NA,NA,NA,NA,NA,NA,NA,NA,NA,NA,NA,NA,NA,NA,NA,NA,NA,NA,NA,NA,NA,NA,NA,NA,NA,NA,NA,NA,NA,NA
"LFC1669",NA,NA,NA,NA,NA,NA,NA,NA,NA,NA,NA,NA,NA,NA,NA,NA,NA,NA,NA,NA,NA,NA,NA,NA,NA,NA,NA,NA,NA,814.51,14039.9,61053.54,51069.54,31935.5,31817.35,13355.2,19150.31,8344.86,15587.5,14808.84,11320.39,15284.94,18974.85,NA,NA,NA,NA,NA,NA,NA,NA,NA,NA,NA,NA,NA,NA,NA,NA,NA,NA,NA,NA,NA,NA,NA,NA,NA,NA,NA,NA,NA,NA,NA,NA,NA,NA,NA,NA,NA,NA,NA,NA,NA,NA,NA,NA,NA,NA,NA,NA,NA,NA,NA,NA,NA,NA
"LFC1670",NA,NA,NA,NA,NA,NA,NA,NA,NA,NA,NA,NA,NA,NA,NA,NA,NA,NA,NA,NA,NA,NA,NA,NA,NA,NA,NA,NA,NA,814.51,37093.05,38000.4,28921.34,26526.17,44250.2,19442.09,18445.03,17294.98,14217.35,30774.74,15284.94,7642.47,7642.47,NA,NA,NA,NA,NA,NA,NA,NA,NA,NA,NA,NA,NA,NA,NA,NA,NA,NA,NA,NA,NA,NA,NA,NA,NA,NA,NA,NA,NA,NA,NA,NA,NA,NA,NA,NA,NA,NA,NA,NA,NA,NA,NA,NA,NA,NA,NA,NA,NA,NA,NA,NA,NA,NA
"LFC1696",NA,NA,NA,NA,NA,NA,NA,NA,NA,NA,NA,NA,NA,NA,NA,NA,NA,NA,NA,NA,NA,NA,NA,NA,NA,NA,NA,NA,NA,6193.04,47015.49,22453.85,6114.36333333333,6114.36333333333,6114.36333333333,836.853333333333,836.853333333333,836.853333333333,2401.0575,2401.0575,2401.0575,2401.0575,32060.415,32060.415,61053.54,80548.77,42332.94,29247.69,19156.91,7992.59,5834.56666666667,5834.56666666667,5834.56666666667,706.618181818182,706.618181818182,706.618181818182,706.618181818182,706.618181818182,706.618181818182,706.618181818182,706.618181818182,706.618181818182,706.618181818182,706.618181818182,6958.965,6958.965,6958.965,6958.965,7418.8,NA,NA,NA,NA,NA,NA,NA,NA,NA,NA,NA,NA,NA,NA,NA,NA,NA,NA,NA,NA,NA,NA,NA,NA,NA,NA,NA,NA
"LFC1702",NA,NA,NA,NA,NA,NA,NA,NA,NA,NA,NA,NA,NA,NA,NA,NA,NA,NA,NA,NA,NA,NA,NA,NA,NA,NA,NA,NA,NA,6036.35,37353.84,26477.15,1998.45333333333,1998.45333333333,1998.45333333333,1998.45333333333,1998.45333333333,1998.45333333333,1998.45333333333,1998.45333333333,1998.45333333333,1998.45333333333,1998.45333333333,1998.45333333333,62195.72,123706.72,35263.265,35263.265,18445.03,6444.44,4915.04,10522.94,15073.72,5094.98,5094.98,5094.98,18974.85,NA,NA,NA,NA,NA,NA,NA,NA,NA,NA,NA,NA,NA,NA,NA,NA,NA,NA,NA,NA,NA,NA,NA,NA,NA,NA,NA,NA,NA,NA,NA,NA,NA,NA,NA,NA,NA,NA,NA,NA
"LFC1719",NA,NA,NA,NA,NA,NA,NA,NA,NA,NA,NA,NA,NA,NA,NA,NA,NA,NA,NA,NA,NA,NA,NA,NA,NA,NA,NA,NA,NA,6036.35,47015.49,22453.85,10426.825,10426.825,4802.115,4802.115,32685.96,8697.48,8697.48,7019.95,7019.95,39671.14,78058.05,25101.26,42332.94,31998.1,29707.15,15284.94,18974.85,18614.365,18614.365,NA,NA,NA,NA,NA,NA,NA,NA,NA,NA,NA,NA,NA,NA,NA,NA,NA,NA,NA,NA,NA,NA,NA,NA,NA,NA,NA,NA,NA,NA,NA,NA,NA,NA,NA,NA,NA,NA,NA,NA,NA,NA,NA,NA,NA,NA
"LFC1725",NA,NA,NA,NA,NA,NA,NA,NA,NA,NA,NA,NA,NA,NA,NA,NA,NA,NA,NA,NA,NA,NA,NA,NA,NA,NA,NA,NA,NA,6193.04,37353.84,26477.15,626.483333333333,626.483333333333,626.483333333333,626.483333333333,626.483333333333,626.483333333333,626.483333333333,626.483333333333,626.483333333333,26846.27,26846.27,26846.27,61853.36,61853.36,51084.44,23184,30417.15,19967.7,11320.39,34259.79,12409.5766666667,12409.5766666667,12409.5766666667,NA,NA,NA,NA,NA,NA,NA,NA,NA,NA,NA,NA,NA,NA,NA,NA,NA,NA,NA,NA,NA,NA,NA,NA,NA,NA,NA,NA,NA,NA,NA,NA,NA,NA,NA,NA,NA,NA,NA,NA,NA,NA
"LFC1729",NA,NA,NA,NA,NA,NA,NA,NA,NA,NA,NA,NA,NA,NA,NA,NA,NA,NA,NA,NA,NA,NA,NA,NA,NA,NA,NA,NA,NA,3064.57,23039.5,27041.43,14039.9,23053.14,38000.4,62012.8,37684.91,19442.09,22892.22,9489.59,1144.73,97.3622222222222,97.3622222222222,97.3622222222222,97.3622222222222,97.3622222222222,97.3622222222222,97.3622222222222,97.3622222222222,97.3622222222222,97.3622222222222,97.3622222222222,97.3622222222222,97.3622222222222,97.3622222222222,97.3622222222222,97.3622222222222,97.3622222222222,97.3622222222222,51816.79,51816.79,59526.01,59526.01,169420.19,28081.34,10910.37,350.504,350.504,350.504,350.504,350.504,4496.676,4496.676,4496.676,4496.676,4496.676,2931.7575,2931.7575,2931.7575,2931.7575,9984,5317.89,1947.75,1947.75,1947.75,9340.415,9340.415,6977.71,6977.71,2259.165,2259.165,2259.165,2259.165,2259.165,2259.165,15533.565,15533.565
"LFC1736",NA,NA,NA,NA,NA,NA,NA,NA,NA,NA,NA,NA,NA,NA,NA,NA,NA,NA,NA,NA,NA,NA,NA,NA,NA,NA,NA,NA,NA,3064.57,11519.75,11519.75,9646.47,1581.36,1581.36,1581.36,1581.36,1581.36,1581.36,1581.36,1581.36,1581.36,1581.36,1581.36,17903.68,17903.68,17903.68,21382.4,2859.60411764706,2859.60411764706,2859.60411764706,2859.60411764706,2859.60411764706,2859.60411764706,2859.60411764706,2859.60411764706,2859.60411764706,2859.60411764706,2859.60411764706,2859.60411764706,2859.60411764706,2859.60411764706,2859.60411764706,2859.60411764706,2859.60411764706,13399.53,57127.01,40327.44,1876.66,1876.66,11320.39,5094.98,5094.98,5094.98,2573.045,2573.045,2573.045,2573.045,2573.045,2573.045,2573.045,2573.045,NA,NA,NA,NA,NA,NA,NA,NA,NA,NA,NA,NA,NA,NA,NA
"LFC1738",NA,NA,NA,NA,NA,NA,NA,NA,NA,NA,NA,NA,NA,NA,NA,NA,NA,NA,NA,NA,NA,NA,NA,NA,NA,NA,NA,NA,NA,3064.57,23039.5,27041.43,14039.9,61053.54,62012.8,37684.91,23184,19150.31,11480.85,11241.69,11241.69,3555.25,3555.25,3555.25,9078.06333333333,9078.06333333333,9078.06333333333,12092.29,23803.38,17809.605,17809.605,NA,NA,NA,NA,NA,NA,NA,NA,NA,NA,NA,NA,NA,NA,NA,NA,NA,NA,NA,NA,NA,NA,NA,NA,NA,NA,NA,NA,NA,NA,NA,NA,NA,NA,NA,NA,NA,NA,NA,NA,NA,NA,NA,NA,NA,NA
"LFC1743",NA,NA,NA,NA,NA,NA,NA,NA,NA,NA,NA,NA,NA,NA,NA,NA,NA,NA,NA,NA,NA,NA,NA,NA,NA,NA,NA,NA,NA,3064.57,3291.35714285714,3291.35714285714,3291.35714285714,3291.35714285714,3291.35714285714,3291.35714285714,3291.35714285714,3863.06142857143,3863.06142857143,3863.06142857143,3863.06142857143,3863.06142857143,3863.06142857143,3863.06142857143,52007.395,52007.395,19691.93,10216.888,10216.888,10216.888,10216.888,10216.888,5976.56,5976.56,5976.56,5254.33,1915.031,1915.031,1915.031,1915.031,1915.031,1915.031,1915.031,1915.031,1915.031,1915.031,10097.38,22483.38,17354.6,23973.45,7397.95666666667,7397.95666666667,7397.95666666667,NA,NA,NA,NA,NA,NA,NA,NA,NA,NA,NA,NA,NA,NA,NA,NA,NA,NA,NA,NA,NA,NA,NA,NA
"LFC1745",NA,NA,NA,NA,NA,NA,NA,NA,NA,NA,NA,NA,NA,NA,NA,NA,NA,NA,NA,NA,NA,NA,NA,NA,NA,NA,NA,NA,NA,3064.57,32685.96,31434.87,39671.14,50303.74,33091.46,18535.97,31817.35,25218.71,15682.92,10522.94,1876.66,1876.66,11320.39,15284.94,22193.87,18614.365,18614.365,NA,NA,NA,NA,NA,NA,NA,NA,NA,NA,NA,NA,NA,NA,NA,NA,NA,NA,NA,NA,NA,NA,NA,NA,NA,NA,NA,NA,NA,NA,NA,NA,NA,NA,NA,NA,NA,NA,NA,NA,NA,NA,NA,NA,NA,NA,NA,NA,NA,NA
"LFC1766",NA,NA,NA,NA,NA,NA,NA,NA,NA,NA,NA,NA,NA,NA,NA,NA,NA,NA,NA,NA,NA,NA,NA,NA,NA,NA,NA,NA,NA,3064.57,23039.5,27041.43,14039.9,2095.74,2095.74,2095.74,2095.74,2095.74,2095.74,2095.74,2095.74,2095.74,2095.74,2095.74,66921.74,33091.46,60868.92,19150.31,27065.14,2084.705,2084.705,22790.09,22790.09,804.755,804.755,17809.605,17809.605,NA,NA,NA,NA,NA,NA,NA,NA,NA,NA,NA,NA,NA,NA,NA,NA,NA,NA,NA,NA,NA,NA,NA,NA,NA,NA,NA,NA,NA,NA,NA,NA,NA,NA,NA,NA,NA,NA,NA,NA
"LFC1768",NA,NA,NA,NA,NA,NA,NA,NA,NA,NA,NA,NA,NA,NA,NA,NA,NA,NA,NA,NA,NA,NA,NA,NA,NA,NA,NA,NA,NA,NA,NA,NA,26104.07,4823.235,4823.235,31434.87,19835.57,19835.57,21382.4,66925.33,37684.91,23184,26062.59,10522.94,15073.72,15284.94,10292.18,10292.18,NA,NA,NA,NA,NA,NA,NA,NA,NA,NA,NA,NA,NA,NA,NA,NA,NA,NA,NA,NA,NA,NA,NA,NA,NA,NA,NA,NA,NA,NA,NA,NA,NA,NA,NA,NA,NA,NA,NA,NA,NA,NA,NA,NA,NA,NA,NA,NA,NA
